{"component":"Logger","environment":"development","fileLogging":true,"level":"info","logLevel":"debug","message":"Detailed logging system initialized","service":"server-bridge","testMode":true,"timestamp":"2026-05-05T06:27:00.191Z"}
{"component":"HTTP","contentLength":"57","duration":"2029ms","environment":"development","level":"warn","message":"Request completed","requestId":"req_1777962914488_npl47vzzn","responseBody":"{\"success\":false,\"error\":\"Failed to fetch chat sessions\"}","service":"server-bridge","statusCode":500,"statusMessage":"Internal Server Error","testMode":true,"timestamp":"2026-05-05T06:35:16.517Z"}
{"component":"HTTP","contentLength":"57","duration":"2020ms","environment":"development","level":"warn","message":"Request completed","requestId":"req_1777962916523_09ctamtic","responseBody":"{\"success\":false,\"error\":\"Failed to fetch chat sessions\"}","service":"server-bridge","statusCode":500,"statusMessage":"Internal Server Error","testMode":true,"timestamp":"2026-05-05T06:35:18.543Z"}
{"component":"Logger","environment":"development","fileLogging":true,"level":"info","logLevel":"debug","message":"Detailed logging system initialized","service":"server-bridge","testMode":true,"timestamp":"2026-05-05T07:05:11.071Z"}
{"component":"Logger","environment":"development","fileLogging":true,"level":"info","logLevel":"debug","message":"Detailed logging system initialized","service":"server-bridge","testMode":true,"timestamp":"2026-05-05T07:05:33.457Z"}
{"component":"Logger","environment":"development","fileLogging":true,"level":"info","logLevel":"debug","message":"Detailed logging system initialized","service":"server-bridge","testMode":true,"timestamp":"2026-05-05T07:05:49.646Z"}
{"component":"Logger","environment":"development","fileLogging":true,"level":"info","logLevel":"debug","message":"Detailed logging system initialized","service":"server-bridge","testMode":true,"timestamp":"2026-05-05T07:05:58.040Z"}
{"component":"Logger","environment":"development","fileLogging":true,"level":"info","logLevel":"debug","message":"Detailed logging system initialized","service":"server-bridge","testMode":true,"timestamp":"2026-05-05T07:06:10.599Z"}
{"component":"Logger","environment":"development","fileLogging":true,"level":"info","logLevel":"debug","message":"Detailed logging system initialized","service":"server-bridge","testMode":true,"timestamp":"2026-05-05T07:06:25.186Z"}
{"component":"Logger","environment":"development","fileLogging":true,"level":"info","logLevel":"debug","message":"Detailed logging system initialized","service":"server-bridge","testMode":true,"timestamp":"2026-05-05T07:06:45.124Z"}
{"component":"Logger","environment":"development","fileLogging":true,"level":"info","logLevel":"debug","message":"Detailed logging system initialized","service":"server-bridge","testMode":true,"timestamp":"2026-05-05T07:07:10.724Z"}
{"component":"Logger","environment":"development","fileLogging":true,"level":"info","logLevel":"debug","message":"Detailed logging system initialized","service":"server-bridge","testMode":true,"timestamp":"2026-05-05T07:07:24.470Z"}
{"component":"Logger","environment":"development","fileLogging":true,"level":"info","logLevel":"debug","message":"Detailed logging system initialized","service":"server-bridge","testMode":true,"timestamp":"2026-05-05T07:07:34.692Z"}
{"component":"Logger","environment":"development","fileLogging":true,"level":"info","logLevel":"debug","message":"Detailed logging system initialized","service":"server-bridge","testMode":true,"timestamp":"2026-05-05T07:07:51.000Z"}
{"component":"Logger","environment":"development","fileLogging":true,"level":"info","logLevel":"debug","message":"Detailed logging system initialized","service":"server-bridge","testMode":true,"timestamp":"2026-05-05T07:08:06.764Z"}
{"component":"HTTP","contentLength":"59","duration":"11ms","environment":"development","level":"warn","message":"Request completed","requestId":"req_1777964945442_0pt0k73jh","responseBody":"{\"error\":\"Authentication required.\",\"code\":\"AUTH_REQUIRED\"}","service":"server-bridge","statusCode":401,"statusMessage":"Unauthorized","testMode":true,"timestamp":"2026-05-05T07:09:05.454Z"}
{"component":"HTTP","contentLength":"59","duration":"5ms","environment":"development","level":"warn","message":"Request completed","requestId":"req_1777965070434_7v4wlx2a3","responseBody":"{\"error\":\"Authentication required.\",\"code\":\"AUTH_REQUIRED\"}","service":"server-bridge","statusCode":401,"statusMessage":"Unauthorized","testMode":true,"timestamp":"2026-05-05T07:11:10.439Z"}
{"component":"Logger","environment":"development","fileLogging":true,"level":"info","logLevel":"debug","message":"Detailed logging system initialized","service":"server-bridge","testMode":true,"timestamp":"2026-05-05T07:13:02.682Z"}
{"component":"Logger","environment":"development","fileLogging":true,"level":"info","logLevel":"debug","message":"Detailed logging system initialized","service":"server-bridge","testMode":true,"timestamp":"2026-05-05T07:13:05.155Z"}
{"component":"Logger","environment":"development","fileLogging":true,"level":"info","logLevel":"debug","message":"Detailed logging system initialized","service":"server-bridge","testMode":true,"timestamp":"2026-05-05T07:16:24.171Z"}
{"component":"Logger","environment":"development","fileLogging":true,"level":"info","logLevel":"debug","message":"Detailed logging system initialized","service":"server-bridge","testMode":true,"timestamp":"2026-05-05T07:16:46.129Z"}
{"component":"HTTP","contentLength":"59","duration":"5ms","environment":"development","level":"warn","message":"Request completed","requestId":"req_1777965638078_mt5wz8w9u","responseBody":"{\"error\":\"Authentication required.\",\"code\":\"AUTH_REQUIRED\"}","service":"server-bridge","statusCode":401,"statusMessage":"Unauthorized","testMode":true,"timestamp":"2026-05-05T07:20:38.084Z"}
{"component":"Logger","environment":"development","fileLogging":true,"level":"info","logLevel":"debug","message":"Detailed logging system initialized","service":"server-bridge","testMode":true,"timestamp":"2026-05-05T07:22:10.030Z"}
{"component":"HTTP","contentLength":"59","duration":"2ms","environment":"development","level":"warn","message":"Request completed","requestId":"req_1777966202945_oswf3zxqf","responseBody":"{\"error\":\"Authentication required.\",\"code\":\"AUTH_REQUIRED\"}","service":"server-bridge","statusCode":401,"statusMessage":"Unauthorized","testMode":true,"timestamp":"2026-05-05T07:30:02.947Z"}
{"component":"Logger","environment":"development","fileLogging":true,"level":"info","logLevel":"debug","message":"Detailed logging system initialized","service":"server-bridge","testMode":true,"timestamp":"2026-05-05T07:40:01.929Z"}
{"component":"HTTP","contentLength":"59","duration":"2ms","environment":"development","level":"warn","message":"Request completed","requestId":"req_1777966908441_m29x1pg7s","responseBody":"{\"error\":\"Authentication required.\",\"code\":\"AUTH_REQUIRED\"}","service":"server-bridge","statusCode":401,"statusMessage":"Unauthorized","testMode":true,"timestamp":"2026-05-05T07:41:48.443Z"}
{"component":"HTTP","contentLength":"59","duration":"2ms","environment":"development","level":"warn","message":"Request completed","requestId":"req_1777966919475_xir3ytegx","responseBody":"{\"error\":\"Authentication required.\",\"code\":\"AUTH_REQUIRED\"}","service":"server-bridge","statusCode":401,"statusMessage":"Unauthorized","testMode":true,"timestamp":"2026-05-05T07:41:59.477Z"}
{"component":"Logger","environment":"development","fileLogging":true,"level":"info","logLevel":"debug","message":"Detailed logging system initialized","service":"server-bridge","testMode":true,"timestamp":"2026-05-05T07:47:53.897Z"}
{"component":"HTTP","contentLength":"59","duration":"6ms","environment":"development","level":"warn","message":"Request completed","requestId":"req_1777967320303_6lsea66mi","responseBody":"{\"error\":\"Authentication required.\",\"code\":\"AUTH_REQUIRED\"}","service":"server-bridge","statusCode":401,"statusMessage":"Unauthorized","testMode":true,"timestamp":"2026-05-05T07:48:40.309Z"}
{"component":"Logger","environment":"development","fileLogging":true,"level":"info","logLevel":"debug","message":"Detailed logging system initialized","service":"server-bridge","testMode":true,"timestamp":"2026-05-05T07:55:01.548Z"}
{"component":"Logger","environment":"development","fileLogging":true,"level":"info","logLevel":"debug","message":"Detailed logging system initialized","service":"server-bridge","testMode":true,"timestamp":"2026-05-05T07:55:21.060Z"}
{"component":"Logger","environment":"development","fileLogging":true,"level":"info","logLevel":"debug","message":"Detailed logging system initialized","service":"server-bridge","testMode":true,"timestamp":"2026-05-05T07:55:29.299Z"}
{"component":"Logger","environment":"development","fileLogging":true,"level":"info","logLevel":"debug","message":"Detailed logging system initialized","service":"server-bridge","testMode":true,"timestamp":"2026-05-05T07:57:03.433Z"}
{"component":"Logger","environment":"development","fileLogging":true,"level":"info","logLevel":"debug","message":"Detailed logging system initialized","service":"server-bridge","testMode":true,"timestamp":"2026-05-05T07:58:18.963Z"}
{"component":"Logger","environment":"development","fileLogging":true,"level":"info","logLevel":"debug","message":"Detailed logging system initialized","service":"server-bridge","testMode":true,"timestamp":"2026-05-05T08:03:53.361Z"}
{"component":"Logger","environment":"development","fileLogging":true,"level":"info","logLevel":"debug","message":"Detailed logging system initialized","service":"server-bridge","testMode":true,"timestamp":"2026-05-05T08:05:44.582Z"}
{"component":"Logger","environment":"development","fileLogging":true,"level":"info","logLevel":"debug","message":"Detailed logging system initialized","service":"server-bridge","testMode":true,"timestamp":"2026-05-05T08:06:42.174Z"}
{"component":"Logger","environment":"development","fileLogging":true,"level":"info","logLevel":"debug","message":"Detailed logging system initialized","service":"server-bridge","testMode":true,"timestamp":"2026-05-05T08:08:53.379Z"}
{"component":"Logger","environment":"development","fileLogging":true,"level":"info","logLevel":"debug","message":"Detailed logging system initialized","service":"server-bridge","testMode":true,"timestamp":"2026-05-05T08:20:29.575Z"}
{"component":"Logger","environment":"development","fileLogging":true,"level":"info","logLevel":"debug","message":"Detailed logging system initialized","service":"server-bridge","testMode":true,"timestamp":"2026-05-05T08:22:27.045Z"}
{"component":"Logger","environment":"development","fileLogging":true,"level":"info","logLevel":"debug","message":"Detailed logging system initialized","service":"server-bridge","testMode":true,"timestamp":"2026-05-05T08:25:59.195Z"}
{"component":"Logger","environment":"development","fileLogging":true,"level":"info","logLevel":"debug","message":"Detailed logging system initialized","service":"server-bridge","testMode":true,"timestamp":"2026-05-05T08:28:01.409Z"}
{"component":"Logger","environment":"development","fileLogging":true,"level":"info","logLevel":"debug","message":"Detailed logging system initialized","service":"server-bridge","testMode":true,"timestamp":"2026-05-05T08:39:54.988Z"}
{"component":"Logger","environment":"development","fileLogging":true,"level":"info","logLevel":"debug","message":"Detailed logging system initialized","service":"server-bridge","testMode":true,"timestamp":"2026-05-05T08:40:05.897Z"}
{"component":"Logger","environment":"development","fileLogging":true,"level":"info","logLevel":"debug","message":"Detailed logging system initialized","service":"server-bridge","testMode":true,"timestamp":"2026-05-05T08:40:12.488Z"}
{"component":"Logger","environment":"development","fileLogging":true,"level":"info","logLevel":"debug","message":"Detailed logging system initialized","service":"server-bridge","testMode":true,"timestamp":"2026-05-05T08:40:25.624Z"}
{"component":"Logger","environment":"development","fileLogging":true,"level":"info","logLevel":"debug","message":"Detailed logging system initialized","service":"server-bridge","testMode":true,"timestamp":"2026-05-05T09:12:34.379Z"}
{"component":"Logger","environment":"development","fileLogging":true,"level":"info","logLevel":"debug","message":"Detailed logging system initialized","service":"server-bridge","testMode":true,"timestamp":"2026-05-05T09:12:36.582Z"}
{"component":"Logger","environment":"development","fileLogging":true,"level":"info","logLevel":"debug","message":"Detailed logging system initialized","service":"server-bridge","testMode":true,"timestamp":"2026-05-05T09:49:11.292Z"}
{"component":"Logger","environment":"development","fileLogging":true,"level":"info","logLevel":"debug","message":"Detailed logging system initialized","service":"server-bridge","testMode":true,"timestamp":"2026-05-05T09:54:50.361Z"}
{"component":"HTTP","contentLength":"88","duration":"34ms","environment":"development","level":"warn","message":"Request completed","requestId":"req_1777975042139_bk9a6q8ph","responseBody":"{\"success\":false,\"error\":\"Invalid or expired sign-in handoff.\",\"code\":\"INVALID_HANDOFF\"}","service":"server-bridge","statusCode":401,"statusMessage":"Unauthorized","testMode":true,"timestamp":"2026-05-05T09:57:22.174Z"}
{"component":"HTTP","contentLength":"88","duration":"3ms","environment":"development","level":"warn","message":"Request completed","requestId":"req_1777975488583_34ty2bvd9","responseBody":"{\"success\":false,\"error\":\"Invalid or expired sign-in handoff.\",\"code\":\"INVALID_HANDOFF\"}","service":"server-bridge","statusCode":401,"statusMessage":"Unauthorized","testMode":true,"timestamp":"2026-05-05T10:04:48.586Z"}
{"component":"Logger","environment":"development","fileLogging":true,"level":"info","logLevel":"debug","message":"Detailed logging system initialized","service":"server-bridge","testMode":true,"timestamp":"2026-05-05T10:33:04.384Z"}
{"component":"Logger","environment":"development","fileLogging":true,"level":"info","logLevel":"debug","message":"Detailed logging system initialized","service":"server-bridge","testMode":true,"timestamp":"2026-05-05T10:33:07.092Z"}
{"component":"Logger","environment":"development","fileLogging":true,"level":"info","logLevel":"debug","message":"Detailed logging system initialized","service":"server-bridge","testMode":true,"timestamp":"2026-05-05T12:06:56.686Z"}
{"component":"Logger","environment":"development","fileLogging":true,"level":"info","logLevel":"debug","message":"Detailed logging system initialized","service":"server-bridge","testMode":true,"timestamp":"2026-05-05T12:07:01.281Z"}
{"component":"Logger","environment":"development","fileLogging":true,"level":"info","logLevel":"debug","message":"Detailed logging system initialized","service":"server-bridge","testMode":true,"timestamp":"2026-05-05T12:07:33.794Z"}
{"component":"Logger","environment":"development","fileLogging":true,"level":"info","logLevel":"debug","message":"Detailed logging system initialized","service":"server-bridge","testMode":true,"timestamp":"2026-05-05T12:08:01.597Z"}
{"component":"HTTP","contentLength":"88","duration":"6ms","environment":"development","level":"warn","message":"Request completed","requestId":"req_1777982899068_a4r07gg00","responseBody":"{\"success\":false,\"error\":\"Invalid or expired sign-in handoff.\",\"code\":\"INVALID_HANDOFF\"}","service":"server-bridge","statusCode":401,"statusMessage":"Unauthorized","testMode":true,"timestamp":"2026-05-05T12:08:19.075Z"}
{"component":"Logger","environment":"development","fileLogging":true,"level":"info","logLevel":"debug","message":"Detailed logging system initialized","service":"server-bridge","testMode":true,"timestamp":"2026-05-05T12:16:20.174Z"}
{"component":"Logger","environment":"development","fileLogging":true,"level":"info","logLevel":"debug","message":"Detailed logging system initialized","service":"server-bridge","testMode":true,"timestamp":"2026-05-05T12:22:54.182Z"}
{"component":"Logger","environment":"development","fileLogging":true,"level":"info","logLevel":"debug","message":"Detailed logging system initialized","service":"server-bridge","testMode":true,"timestamp":"2026-05-05T12:31:50.492Z"}
{"component":"Logger","environment":"development","fileLogging":true,"level":"info","logLevel":"debug","message":"Detailed logging system initialized","service":"server-bridge","testMode":true,"timestamp":"2026-05-05T12:33:27.290Z"}
{"component":"Logger","environment":"development","fileLogging":true,"level":"info","logLevel":"debug","message":"Detailed logging system initialized","service":"server-bridge","testMode":true,"timestamp":"2026-05-05T12:38:43.189Z"}
{"component":"Logger","environment":"development","fileLogging":true,"level":"info","logLevel":"debug","message":"Detailed logging system initialized","service":"server-bridge","testMode":true,"timestamp":"2026-05-05T12:47:05.008Z"}
{"component":"Logger","environment":"development","fileLogging":true,"level":"info","logLevel":"debug","message":"Detailed logging system initialized","service":"server-bridge","testMode":true,"timestamp":"2026-05-05T13:02:52.341Z"}
{"component":"HTTP","contentLength":"88","duration":"3ms","environment":"development","level":"warn","message":"Request completed","requestId":"req_1777986205852_pbwh8soim","responseBody":"{\"success\":false,\"error\":\"Invalid or expired sign-in handoff.\",\"code\":\"INVALID_HANDOFF\"}","service":"server-bridge","statusCode":401,"statusMessage":"Unauthorized","testMode":true,"timestamp":"2026-05-05T13:03:25.856Z"}
{"component":"Logger","environment":"development","fileLogging":true,"level":"info","logLevel":"debug","message":"Detailed logging system initialized","service":"server-bridge","testMode":true,"timestamp":"2026-05-05T13:07:35.240Z"}
{"component":"Logger","environment":"development","fileLogging":true,"level":"info","logLevel":"debug","message":"Detailed logging system initialized","service":"server-bridge","testMode":true,"timestamp":"2026-05-05T13:07:38.295Z"}
{"component":"Logger","environment":"development","fileLogging":true,"level":"info","logLevel":"debug","message":"Detailed logging system initialized","service":"server-bridge","testMode":true,"timestamp":"2026-05-05T13:08:00.216Z"}
{"component":"Logger","environment":"development","fileLogging":true,"level":"info","logLevel":"debug","message":"Detailed logging system initialized","service":"server-bridge","testMode":true,"timestamp":"2026-05-05T13:08:18.327Z"}
{"component":"Logger","environment":"development","fileLogging":true,"level":"info","logLevel":"debug","message":"Detailed logging system initialized","service":"server-bridge","testMode":true,"timestamp":"2026-05-05T13:08:31.776Z"}
{"component":"Logger","environment":"development","fileLogging":true,"level":"info","logLevel":"debug","message":"Detailed logging system initialized","service":"server-bridge","testMode":true,"timestamp":"2026-05-06T14:55:54.224Z"}
{"component":"Logger","environment":"development","fileLogging":true,"level":"info","logLevel":"debug","message":"Detailed logging system initialized","service":"server-bridge","testMode":true,"timestamp":"2026-05-06T14:55:56.993Z"}
{"component":"Logger","environment":"development","fileLogging":true,"level":"info","logLevel":"debug","message":"Detailed logging system initialized","service":"server-bridge","testMode":true,"timestamp":"2026-05-06T15:06:31.212Z"}
{"component":"HTTP","contentLength":"54","duration":"26ms","environment":"development","level":"warn","message":"Request completed","requestId":"req_1778080001962_trjbury9m","responseBody":"{\"success\":false,\"error\":\"Failed to complete sign-in\"}","service":"server-bridge","statusCode":500,"statusMessage":"Internal Server Error","testMode":true,"timestamp":"2026-05-06T15:06:41.988Z"}
{"component":"HTTP","contentLength":"54","duration":"6ms","environment":"development","level":"warn","message":"Request completed","requestId":"req_1778080001992_mo3fce59q","responseBody":"{\"success\":false,\"error\":\"Failed to complete sign-in\"}","service":"server-bridge","statusCode":500,"statusMessage":"Internal Server Error","testMode":true,"timestamp":"2026-05-06T15:06:41.998Z"}
{"component":"Logger","environment":"development","fileLogging":true,"level":"info","logLevel":"debug","message":"Detailed logging system initialized","service":"server-bridge","testMode":true,"timestamp":"2026-05-06T15:12:47.300Z"}
{"component":"Logger","environment":"development","fileLogging":true,"level":"info","logLevel":"debug","message":"Detailed logging system initialized","service":"server-bridge","testMode":true,"timestamp":"2026-05-06T15:13:52.827Z"}
{"component":"Logger","environment":"development","fileLogging":true,"level":"info","logLevel":"debug","message":"Detailed logging system initialized","service":"server-bridge","testMode":true,"timestamp":"2026-05-06T15:17:12.068Z"}
{"component":"Logger","environment":"development","fileLogging":true,"level":"info","logLevel":"debug","message":"Detailed logging system initialized","service":"server-bridge","testMode":true,"timestamp":"2026-05-06T15:17:17.711Z"}
{"component":"Logger","environment":"development","fileLogging":true,"level":"info","logLevel":"debug","message":"Detailed logging system initialized","service":"server-bridge","testMode":true,"timestamp":"2026-05-06T15:17:24.655Z"}
{"component":"Logger","environment":"development","fileLogging":true,"level":"info","logLevel":"debug","message":"Detailed logging system initialized","service":"server-bridge","testMode":true,"timestamp":"2026-05-06T15:17:43.937Z"}
{"component":"Logger","environment":"development","fileLogging":true,"level":"info","logLevel":"debug","message":"Detailed logging system initialized","service":"server-bridge","testMode":true,"timestamp":"2026-05-06T15:17:53.606Z"}
{"component":"Logger","environment":"development","fileLogging":true,"level":"info","logLevel":"debug","message":"Detailed logging system initialized","service":"server-bridge","testMode":true,"timestamp":"2026-05-06T15:17:59.924Z"}
{"component":"Logger","environment":"development","fileLogging":true,"level":"info","logLevel":"debug","message":"Detailed logging system initialized","service":"server-bridge","testMode":true,"timestamp":"2026-05-06T15:18:06.883Z"}
{"component":"Logger","environment":"development","fileLogging":true,"level":"info","logLevel":"debug","message":"Detailed logging system initialized","service":"server-bridge","testMode":true,"timestamp":"2026-05-06T15:18:17.743Z"}
{"component":"Logger","environment":"development","fileLogging":true,"level":"info","logLevel":"debug","message":"Detailed logging system initialized","service":"server-bridge","testMode":true,"timestamp":"2026-05-06T15:18:33.156Z"}
{"component":"Logger","environment":"development","fileLogging":true,"level":"info","logLevel":"debug","message":"Detailed logging system initialized","service":"server-bridge","testMode":true,"timestamp":"2026-05-06T15:18:39.818Z"}
{"component":"Logger","environment":"development","fileLogging":true,"level":"info","logLevel":"debug","message":"Detailed logging system initialized","service":"server-bridge","testMode":true,"timestamp":"2026-05-06T15:19:30.219Z"}
{"component":"Server","environment":"development","instanceId":"adb670b0-0d59-4de2-bb41-1fb9648ce914","level":"info","message":"Selina-Hub Central Nervous System online","port":"3001","service":"server-bridge","testMode":true,"timestamp":"2026-05-06T15:19:33.631Z"}
{"component":"Logger","environment":"development","fileLogging":true,"level":"info","logLevel":"debug","message":"Detailed logging system initialized","service":"server-bridge","testMode":true,"timestamp":"2026-05-06T15:19:37.134Z"}
{"component":"Server","environment":"development","instanceId":"750d154d-b222-40f6-9258-5a74bafac94f","level":"info","message":"Selina-Hub Central Nervous System online","port":"3001","service":"server-bridge","testMode":true,"timestamp":"2026-05-06T15:19:39.981Z"}
{"component":"Logger","environment":"development","fileLogging":true,"level":"info","logLevel":"debug","message":"Detailed logging system initialized","service":"server-bridge","testMode":true,"timestamp":"2026-05-06T15:19:47.461Z"}
{"component":"Server","environment":"development","instanceId":"5f45c3fc-8b2d-4923-8afc-5d057d69452b","level":"info","message":"Selina-Hub Central Nervous System online","port":"3001","service":"server-bridge","testMode":true,"timestamp":"2026-05-06T15:19:50.668Z"}
{"component":"Logger","environment":"development","fileLogging":true,"level":"info","logLevel":"debug","message":"Detailed logging system initialized","service":"server-bridge","testMode":true,"timestamp":"2026-05-06T15:19:55.447Z"}
{"component":"Env","environment":"development","hasDatabaseUrl":true,"hasGeminiKey":true,"hasJwtSecret":true,"hasUiOrigin":true,"level":"info","message":"Environment validation passed","nodeEnv":"development","service":"server-bridge","testMode":true,"timestamp":"2026-05-06T15:19:56.135Z"}
{"component":"Server","environment":"development","instanceId":"a9d1572a-da5c-46f9-9df1-2c8af4bbbc73","level":"info","message":"Selina-Hub Central Nervous System online","port":"3001","service":"server-bridge","testMode":true,"timestamp":"2026-05-06T15:19:57.990Z"}
{"component":"HTTP","contentLength":"88","duration":"497ms","environment":"development","level":"warn","message":"Request completed","requestId":"req_1778080934980_5cts3e7z3","responseBody":"{\"success\":false,\"error\":\"Invalid or expired sign-in handoff.\",\"code\":\"INVALID_HANDOFF\"}","service":"server-bridge","statusCode":401,"statusMessage":"Unauthorized","testMode":true,"timestamp":"2026-05-06T15:22:15.477Z"}
{"component":"HTTP","contentLength":"88","duration":"1727ms","environment":"development","level":"warn","message":"Request completed","requestId":"req_1778080934985_4ppkyydag","responseBody":"{\"success\":false,\"error\":\"Invalid or expired sign-in handoff.\",\"code\":\"INVALID_HANDOFF\"}","service":"server-bridge","statusCode":401,"statusMessage":"Unauthorized","testMode":true,"timestamp":"2026-05-06T15:22:16.712Z"}
{"component":"Logger","environment":"development","fileLogging":true,"level":"info","logLevel":"debug","message":"Detailed logging system initialized","service":"server-bridge","testMode":true,"timestamp":"2026-05-06T15:23:24.651Z"}
{"component":"Env","environment":"development","hasDatabaseUrl":true,"hasGeminiKey":true,"hasJwtSecret":true,"hasUiOrigin":true,"level":"info","message":"Environment validation passed","nodeEnv":"development","service":"server-bridge","testMode":true,"timestamp":"2026-05-06T15:23:25.279Z"}
{"component":"Server","environment":"development","instanceId":"504b5c37-7b9e-4894-a157-d53f44bbcec2","level":"info","message":"Selina-Hub Central Nervous System online","port":"3001","service":"server-bridge","testMode":true,"timestamp":"2026-05-06T15:23:27.351Z"}
{"component":"Logger","environment":"development","fileLogging":true,"level":"info","logLevel":"debug","message":"Detailed logging system initialized","service":"server-bridge","testMode":true,"timestamp":"2026-05-06T15:23:31.518Z"}
{"component":"Env","environment":"development","hasDatabaseUrl":true,"hasGeminiKey":true,"hasJwtSecret":true,"hasUiOrigin":true,"level":"info","message":"Environment validation passed","nodeEnv":"development","service":"server-bridge","testMode":true,"timestamp":"2026-05-06T15:23:32.144Z"}
{"component":"Server","environment":"development","instanceId":"b7d39bfc-217b-41d2-9a95-a1f7d3661c04","level":"info","message":"Selina-Hub Central Nervous System online","port":"3001","service":"server-bridge","testMode":true,"timestamp":"2026-05-06T15:23:34.538Z"}
{"component":"Logger","environment":"development","fileLogging":true,"level":"info","logLevel":"debug","message":"Detailed logging system initialized","service":"server-bridge","testMode":true,"timestamp":"2026-05-06T15:24:39.882Z"}
{"component":"Env","environment":"development","hasDatabaseUrl":true,"hasGeminiKey":true,"hasJwtSecret":true,"hasUiOrigin":true,"level":"info","message":"Environment validation passed","nodeEnv":"development","service":"server-bridge","testMode":true,"timestamp":"2026-05-06T15:24:40.502Z"}
{"component":"Server","environment":"development","instanceId":"2bb6acce-0681-4278-8da3-763f996bb950","level":"info","message":"Selina-Hub Central Nervous System online","port":"3001","service":"server-bridge","testMode":true,"timestamp":"2026-05-06T15:24:42.608Z"}
{"component":"Database","environment":"development","error":{"message":"Connection terminated unexpectedly","name":"Error","stack":"Error: Connection terminated unexpectedly\n    at Connection.<anonymous> (D:\\Vibe Hub\\node_modules\\pg\\lib\\client.js:180:73)\n    at Object.onceWrapper (node:events:638:28)\n    at Connection.emit (node:events:524:28)\n    at Socket.<anonymous> (D:\\Vibe Hub\\node_modules\\pg\\lib\\connection.js:61:12)\n    at Socket.emit (node:events:536:35)\n    at TCP.<anonymous> (node:net:343:12)"},"level":"error","message":"Unexpected error on idle client","service":"server-bridge","testMode":true,"timestamp":"2026-05-06T15:29:43.354Z"}
{"component":"HTTP","contentLength":"88","duration":"4413ms","environment":"development","level":"warn","message":"Request completed","requestId":"req_1778081389614_qaeys5efp","responseBody":"{\"success\":false,\"error\":\"Invalid or expired sign-in handoff.\",\"code\":\"INVALID_HANDOFF\"}","service":"server-bridge","statusCode":401,"statusMessage":"Unauthorized","testMode":true,"timestamp":"2026-05-06T15:29:54.027Z"}
{"component":"HTTP","contentLength":"88","duration":"4388ms","environment":"development","level":"warn","message":"Request completed","requestId":"req_1778081389642_xkr8qvbbe","responseBody":"{\"success\":false,\"error\":\"Invalid or expired sign-in handoff.\",\"code\":\"INVALID_HANDOFF\"}","service":"server-bridge","statusCode":401,"statusMessage":"Unauthorized","testMode":true,"timestamp":"2026-05-06T15:29:54.030Z"}
{"component":"Logger","environment":"development","fileLogging":true,"level":"info","logLevel":"debug","message":"Detailed logging system initialized","service":"server-bridge","testMode":true,"timestamp":"2026-05-06T15:30:11.319Z"}
{"component":"Env","environment":"development","hasDatabaseUrl":true,"hasGeminiKey":true,"hasJwtSecret":true,"hasUiOrigin":true,"level":"info","message":"Environment validation passed","nodeEnv":"development","service":"server-bridge","testMode":true,"timestamp":"2026-05-06T15:30:11.974Z"}
{"component":"Server","environment":"development","instanceId":"9d4804d2-eba9-488c-aba5-86ddbdce6201","level":"info","message":"Selina-Hub Central Nervous System online","port":"3001","service":"server-bridge","testMode":true,"timestamp":"2026-05-06T15:30:13.987Z"}
{"component":"HTTP","contentLength":"88","duration":"1763ms","environment":"development","level":"warn","message":"Request completed","requestId":"req_1778081436997_cedc9i3oa","responseBody":"{\"success\":false,\"error\":\"Invalid or expired sign-in handoff.\",\"code\":\"INVALID_HANDOFF\"}","service":"server-bridge","statusCode":401,"statusMessage":"Unauthorized","testMode":true,"timestamp":"2026-05-06T15:30:38.760Z"}
{"component":"Logger","environment":"development","fileLogging":true,"level":"info","logLevel":"debug","message":"Detailed logging system initialized","service":"server-bridge","testMode":true,"timestamp":"2026-05-06T15:31:10.663Z"}
{"component":"Env","environment":"development","hasDatabaseUrl":true,"hasGeminiKey":true,"hasJwtSecret":true,"hasUiOrigin":true,"level":"info","message":"Environment validation passed","nodeEnv":"development","service":"server-bridge","testMode":true,"timestamp":"2026-05-06T15:31:11.276Z"}
{"component":"Server","environment":"development","instanceId":"1f5d253a-d997-4af5-8056-ceddedba9599","level":"info","message":"Selina-Hub Central Nervous System online","port":"3001","service":"server-bridge","testMode":true,"timestamp":"2026-05-06T15:31:13.369Z"}
{"component":"Logger","environment":"development","fileLogging":true,"level":"info","logLevel":"debug","message":"Detailed logging system initialized","service":"server-bridge","testMode":true,"timestamp":"2026-05-06T15:31:17.342Z"}
{"component":"Env","environment":"development","hasDatabaseUrl":true,"hasGeminiKey":true,"hasJwtSecret":true,"hasUiOrigin":true,"level":"info","message":"Environment validation passed","nodeEnv":"development","service":"server-bridge","testMode":true,"timestamp":"2026-05-06T15:31:17.968Z"}
{"component":"Server","environment":"development","instanceId":"83870850-cbe3-421a-972f-b626b2d8a52c","level":"info","message":"Selina-Hub Central Nervous System online","port":"3001","service":"server-bridge","testMode":true,"timestamp":"2026-05-06T15:31:20.126Z"}
{"component":"Logger","environment":"development","fileLogging":true,"level":"info","logLevel":"debug","message":"Detailed logging system initialized","service":"server-bridge","testMode":true,"timestamp":"2026-05-06T15:31:24.660Z"}
{"component":"Env","environment":"development","hasDatabaseUrl":true,"hasGeminiKey":true,"hasJwtSecret":true,"hasUiOrigin":true,"level":"info","message":"Environment validation passed","nodeEnv":"development","service":"server-bridge","testMode":true,"timestamp":"2026-05-06T15:31:25.321Z"}
{"component":"Server","environment":"development","instanceId":"0e7cbb55-9074-4a74-84e7-961508923b85","level":"info","message":"Selina-Hub Central Nervous System online","port":"3001","service":"server-bridge","testMode":true,"timestamp":"2026-05-06T15:31:27.160Z"}
{"component":"HTTP","contentLength":"88","duration":"274ms","environment":"development","level":"warn","message":"Request completed","requestId":"req_1778081501369_5p995hmp1","responseBody":"{\"success\":false,\"error\":\"Invalid or expired sign-in handoff.\",\"code\":\"INVALID_HANDOFF\"}","service":"server-bridge","statusCode":401,"statusMessage":"Unauthorized","testMode":true,"timestamp":"2026-05-06T15:31:41.643Z"}
{"component":"HTTP","contentLength":"88","duration":"242ms","environment":"development","level":"warn","message":"Request completed","requestId":"req_1778081511324_7lm39v58c","responseBody":"{\"success\":false,\"error\":\"Invalid or expired sign-in handoff.\",\"code\":\"INVALID_HANDOFF\"}","service":"server-bridge","statusCode":401,"statusMessage":"Unauthorized","testMode":true,"timestamp":"2026-05-06T15:31:51.566Z"}
{"component":"HTTP","contentLength":"88","duration":"251ms","environment":"development","level":"warn","message":"Request completed","requestId":"req_1778081518088_3ijidi1c3","responseBody":"{\"success\":false,\"error\":\"Invalid or expired sign-in handoff.\",\"code\":\"INVALID_HANDOFF\"}","service":"server-bridge","statusCode":401,"statusMessage":"Unauthorized","testMode":true,"timestamp":"2026-05-06T15:31:58.339Z"}
{"component":"HTTP","contentLength":"88","duration":"243ms","environment":"development","level":"warn","message":"Request completed","requestId":"req_1778081535339_ks6o3ggxo","responseBody":"{\"success\":false,\"error\":\"Invalid or expired sign-in handoff.\",\"code\":\"INVALID_HANDOFF\"}","service":"server-bridge","statusCode":401,"statusMessage":"Unauthorized","testMode":true,"timestamp":"2026-05-06T15:32:15.582Z"}
{"component":"HTTP","contentLength":"88","duration":"241ms","environment":"development","level":"warn","message":"Request completed","requestId":"req_1778081547431_tlbnpz59f","responseBody":"{\"success\":false,\"error\":\"Invalid or expired sign-in handoff.\",\"code\":\"INVALID_HANDOFF\"}","service":"server-bridge","statusCode":401,"statusMessage":"Unauthorized","testMode":true,"timestamp":"2026-05-06T15:32:27.672Z"}
{"component":"HTTP","contentLength":"88","duration":"241ms","environment":"development","level":"warn","message":"Request completed","requestId":"req_1778081583901_7awyc91h1","responseBody":"{\"success\":false,\"error\":\"Invalid or expired sign-in handoff.\",\"code\":\"INVALID_HANDOFF\"}","service":"server-bridge","statusCode":401,"statusMessage":"Unauthorized","testMode":true,"timestamp":"2026-05-06T15:33:04.142Z"}
{"component":"HTTP","contentLength":"88","duration":"1712ms","environment":"development","level":"warn","message":"Request completed","requestId":"req_1778081583904_i47y9glq8","responseBody":"{\"success\":false,\"error\":\"Invalid or expired sign-in handoff.\",\"code\":\"INVALID_HANDOFF\"}","service":"server-bridge","statusCode":401,"statusMessage":"Unauthorized","testMode":true,"timestamp":"2026-05-06T15:33:05.616Z"}
{"component":"Logger","environment":"development","fileLogging":true,"level":"info","logLevel":"debug","message":"Detailed logging system initialized","service":"server-bridge","testMode":true,"timestamp":"2026-05-06T15:33:25.789Z"}
{"component":"Env","environment":"development","hasDatabaseUrl":true,"hasGeminiKey":true,"hasJwtSecret":true,"hasUiOrigin":true,"level":"info","message":"Environment validation passed","nodeEnv":"development","service":"server-bridge","testMode":true,"timestamp":"2026-05-06T15:33:26.373Z"}
{"component":"Server","environment":"development","instanceId":"64ee9f09-a5f8-49f6-9158-3db742de485d","level":"info","message":"Selina-Hub Central Nervous System online","port":"3001","service":"server-bridge","testMode":true,"timestamp":"2026-05-06T15:33:28.456Z"}
{"component":"GoogleAuth","environment":"development","error":{"code":"42703","message":"column \"provider\" of relation \"user_sessions\" does not exist","name":"error","stack":"error: column \"provider\" of relation \"user_sessions\" does not exist\n    at D:\\Vibe Hub\\node_modules\\pg-pool\\index.js:45:11\n    at process.processTicksAndRejections (node:internal/process/task_queues:95:5)\n    at async file:///D:/Vibe%20Hub/apps/server-bridge/db.js:361:20\n    at async withRetry (file:///D:/Vibe%20Hub/apps/server-bridge/db.js:308:14)\n    at async createSession (file:///D:/Vibe%20Hub/apps/server-bridge/auth/session.js:148:19)\n    at async file:///D:/Vibe%20Hub/apps/server-bridge/auth/google.js:210:21"},"level":"error","message":"Callback error","service":"server-bridge","testMode":true,"timestamp":"2026-05-06T15:33:53.202Z"}
{"component":"Logger","environment":"development","fileLogging":true,"level":"info","logLevel":"debug","message":"Detailed logging system initialized","service":"server-bridge","testMode":true,"timestamp":"2026-05-06T15:40:55.888Z"}
{"component":"Env","environment":"development","hasDatabaseUrl":true,"hasGeminiKey":true,"hasJwtSecret":true,"hasUiOrigin":true,"level":"info","message":"Environment validation passed","nodeEnv":"development","service":"server-bridge","testMode":true,"timestamp":"2026-05-06T15:40:57.039Z"}
{"component":"Server","environment":"development","instanceId":"f84965e7-5937-4b94-89ec-9cbe1adee91b","level":"info","message":"Selina-Hub Central Nervous System online","port":"3001","service":"server-bridge","testMode":true,"timestamp":"2026-05-06T15:41:01.116Z"}
{"component":"GoogleAuth","environment":"development","error":{"code":"42703","message":"column \"provider\" of relation \"user_sessions\" does not exist","name":"error","stack":"error: column \"provider\" of relation \"user_sessions\" does not exist\n    at D:\\Vibe Hub\\node_modules\\pg-pool\\index.js:45:11\n    at process.processTicksAndRejections (node:internal/process/task_queues:95:5)\n    at async file:///D:/Vibe%20Hub/apps/server-bridge/db.js:361:20\n    at async withRetry (file:///D:/Vibe%20Hub/apps/server-bridge/db.js:308:14)\n    at async createSession (file:///D:/Vibe%20Hub/apps/server-bridge/auth/session.js:148:19)\n    at async file:///D:/Vibe%20Hub/apps/server-bridge/auth/google.js:210:21"},"level":"error","message":"Callback error","service":"server-bridge","testMode":true,"timestamp":"2026-05-06T15:41:35.943Z"}
{"component":"Logger","environment":"development","fileLogging":true,"level":"info","logLevel":"debug","message":"Detailed logging system initialized","service":"server-bridge","testMode":true,"timestamp":"2026-05-06T15:51:49.892Z"}
{"component":"Env","environment":"development","hasDatabaseUrl":true,"hasGeminiKey":true,"hasJwtSecret":true,"hasUiOrigin":true,"level":"info","message":"Environment validation passed","nodeEnv":"development","service":"server-bridge","testMode":true,"timestamp":"2026-05-06T15:51:50.746Z"}
{"component":"Server","environment":"development","instanceId":"f4141791-eb76-4c91-aa43-865ad4e18e03","level":"info","message":"Selina-Hub Central Nervous System online","port":"3001","service":"server-bridge","testMode":true,"timestamp":"2026-05-06T15:51:52.809Z"}
{"component":"Logger","environment":"development","fileLogging":true,"level":"info","logLevel":"debug","message":"Detailed logging system initialized","service":"server-bridge","testMode":true,"timestamp":"2026-05-06T15:52:26.322Z"}
{"component":"Env","environment":"development","hasDatabaseUrl":true,"hasGeminiKey":true,"hasJwtSecret":true,"hasUiOrigin":true,"level":"info","message":"Environment validation passed","nodeEnv":"development","service":"server-bridge","testMode":true,"timestamp":"2026-05-06T15:52:28.091Z"}
{"component":"Server","environment":"development","instanceId":"33e71d1b-a6d8-470b-a5b7-1bc18ae5576c","level":"info","message":"Selina-Hub Central Nervous System online","port":"3001","service":"server-bridge","testMode":true,"timestamp":"2026-05-06T15:52:30.005Z"}
{"component":"Logger","environment":"development","fileLogging":true,"level":"info","logLevel":"debug","message":"Detailed logging system initialized","service":"server-bridge","testMode":true,"timestamp":"2026-05-06T15:53:20.114Z"}
{"component":"Env","environment":"development","hasDatabaseUrl":true,"hasGeminiKey":true,"hasJwtSecret":true,"hasUiOrigin":true,"level":"info","message":"Environment validation passed","nodeEnv":"development","service":"server-bridge","testMode":true,"timestamp":"2026-05-06T15:53:20.786Z"}
{"component":"Server","environment":"development","instanceId":"9ae728be-162d-4e64-a1de-0597eb4b99e6","level":"info","message":"Selina-Hub Central Nervous System online","port":"3001","service":"server-bridge","testMode":true,"timestamp":"2026-05-06T15:53:22.763Z"}
{"component":"Logger","environment":"development","fileLogging":true,"level":"info","logLevel":"debug","message":"Detailed logging system initialized","service":"server-bridge","testMode":true,"timestamp":"2026-05-06T15:53:41.093Z"}
{"component":"Env","environment":"development","hasDatabaseUrl":true,"hasGeminiKey":true,"hasJwtSecret":true,"hasUiOrigin":true,"level":"info","message":"Environment validation passed","nodeEnv":"development","service":"server-bridge","testMode":true,"timestamp":"2026-05-06T15:53:41.856Z"}
{"component":"Server","environment":"development","instanceId":"b0e806f4-8259-46c1-bbc6-54dd553d3f72","level":"info","message":"Selina-Hub Central Nervous System online","port":"3001","service":"server-bridge","testMode":true,"timestamp":"2026-05-06T15:53:43.898Z"}
{"component":"Logger","environment":"development","fileLogging":true,"level":"info","logLevel":"debug","message":"Detailed logging system initialized","service":"server-bridge","testMode":true,"timestamp":"2026-05-06T15:53:51.154Z"}
{"component":"Env","environment":"development","hasDatabaseUrl":true,"hasGeminiKey":true,"hasJwtSecret":true,"hasUiOrigin":true,"level":"info","message":"Environment validation passed","nodeEnv":"development","service":"server-bridge","testMode":true,"timestamp":"2026-05-06T15:53:51.843Z"}
{"component":"Server","environment":"development","instanceId":"f2af20ff-49c3-438c-9f69-83fe8d741516","level":"info","message":"Selina-Hub Central Nervous System online","port":"3001","service":"server-bridge","testMode":true,"timestamp":"2026-05-06T15:53:54.140Z"}
{"component":"Logger","environment":"development","fileLogging":true,"level":"info","logLevel":"debug","message":"Detailed logging system initialized","service":"server-bridge","testMode":true,"timestamp":"2026-05-06T15:54:32.398Z"}
{"component":"Env","environment":"development","hasDatabaseUrl":true,"hasGeminiKey":true,"hasJwtSecret":true,"hasUiOrigin":true,"level":"info","message":"Environment validation passed","nodeEnv":"development","service":"server-bridge","testMode":true,"timestamp":"2026-05-06T15:54:34.024Z"}
{"component":"Server","environment":"development","instanceId":"1d4db785-5461-45e4-a40e-db00d2a2948b","level":"info","message":"Selina-Hub Central Nervous System online","port":"3001","service":"server-bridge","testMode":true,"timestamp":"2026-05-06T15:54:36.521Z"}
{"component":"Logger","environment":"development","fileLogging":true,"level":"info","logLevel":"debug","message":"Detailed logging system initialized","service":"server-bridge","testMode":true,"timestamp":"2026-05-06T15:55:13.607Z"}
{"component":"Env","environment":"development","hasDatabaseUrl":true,"hasGeminiKey":true,"hasJwtSecret":true,"hasUiOrigin":true,"level":"info","message":"Environment validation passed","nodeEnv":"development","service":"server-bridge","testMode":true,"timestamp":"2026-05-06T15:55:14.342Z"}
{"component":"Server","environment":"development","instanceId":"9256129d-4880-477f-ab0a-cf91d16a26f2","level":"info","message":"Selina-Hub Central Nervous System online","port":"3001","service":"server-bridge","testMode":true,"timestamp":"2026-05-06T15:55:17.656Z"}
{"component":"GoogleAuth","environment":"development","error":{"code":"42703","stack":"error: column \"provider\" of relation \"user_sessions\" does not exist\n    at D:\\Vibe Hub\\node_modules\\pg-pool\\index.js:45:11\n    at process.processTicksAndRejections (node:internal/process/task_queues:95:5)\n    at async file:///D:/Vibe%20Hub/apps/server-bridge/db.js:361:20\n    at async withRetry (file:///D:/Vibe%20Hub/apps/server-bridge/db.js:308:14)\n    at async createSession (file:///D:/Vibe%20Hub/apps/server-bridge/auth/session.js:148:19)\n    at async file:///D:/Vibe%20Hub/apps/server-bridge/auth/google.js:216:21"},"level":"error","message":"Callback error","service":"server-bridge","testMode":true,"timestamp":"2026-05-06T15:55:36.277Z"}
{"component":"Logger","environment":"development","fileLogging":true,"level":"info","logLevel":"debug","message":"Detailed logging system initialized","service":"server-bridge","testMode":true,"timestamp":"2026-05-06T15:55:47.962Z"}
{"component":"Env","environment":"development","hasDatabaseUrl":true,"hasGeminiKey":true,"hasJwtSecret":true,"hasUiOrigin":true,"level":"info","message":"Environment validation passed","nodeEnv":"development","service":"server-bridge","testMode":true,"timestamp":"2026-05-06T15:55:48.568Z"}
{"component":"Server","environment":"development","instanceId":"b8cb36f8-12c7-49de-ae3e-9f4a4bec76f2","level":"info","message":"Selina-Hub Central Nervous System online","port":"3001","service":"server-bridge","testMode":true,"timestamp":"2026-05-06T15:55:50.878Z"}
{"component":"Logger","environment":"development","fileLogging":true,"level":"info","logLevel":"debug","message":"Detailed logging system initialized","service":"server-bridge","testMode":true,"timestamp":"2026-05-06T15:56:49.356Z"}
{"component":"Env","environment":"development","hasDatabaseUrl":true,"hasGeminiKey":true,"hasJwtSecret":true,"hasUiOrigin":true,"level":"info","message":"Environment validation passed","nodeEnv":"development","service":"server-bridge","testMode":true,"timestamp":"2026-05-06T15:56:49.996Z"}
{"component":"Logger","environment":"development","fileLogging":true,"level":"info","logLevel":"debug","message":"Detailed logging system initialized","service":"server-bridge","testMode":true,"timestamp":"2026-05-06T15:56:51.187Z"}
{"component":"Env","environment":"development","hasDatabaseUrl":true,"hasGeminiKey":true,"hasJwtSecret":true,"hasUiOrigin":true,"level":"info","message":"Environment validation passed","nodeEnv":"development","service":"server-bridge","testMode":true,"timestamp":"2026-05-06T15:56:51.735Z"}
{"component":"Server","environment":"development","instanceId":"61eadb80-be73-41ff-9628-3266cab50802","level":"info","message":"Selina-Hub Central Nervous System online","port":"3001","service":"server-bridge","testMode":true,"timestamp":"2026-05-06T15:56:53.805Z"}
{"component":"Logger","environment":"development","fileLogging":true,"level":"info","logLevel":"debug","message":"Detailed logging system initialized","service":"server-bridge","testMode":true,"timestamp":"2026-05-06T15:57:19.447Z"}
{"component":"Env","environment":"development","hasDatabaseUrl":true,"hasGeminiKey":true,"hasJwtSecret":true,"hasUiOrigin":true,"level":"info","message":"Environment validation passed","nodeEnv":"development","service":"server-bridge","testMode":true,"timestamp":"2026-05-06T15:57:20.066Z"}
{"component":"Server","environment":"development","instanceId":"ab28b4ec-f145-4998-8608-3f6250716bbb","level":"info","message":"Selina-Hub Central Nervous System online","port":"3001","service":"server-bridge","testMode":true,"timestamp":"2026-05-06T15:57:22.785Z"}
{"component":"HTTP","contentLength":"88","duration":"1793ms","environment":"development","level":"warn","message":"Request completed","requestId":"req_1778083371298_bsc56o5w2","responseBody":"{\"success\":false,\"error\":\"Invalid or expired sign-in handoff.\",\"code\":\"INVALID_HANDOFF\"}","service":"server-bridge","statusCode":401,"statusMessage":"Unauthorized","testMode":true,"timestamp":"2026-05-06T16:02:53.091Z"}
{"component":"Logger","environment":"development","fileLogging":true,"level":"info","logLevel":"debug","message":"Detailed logging system initialized","service":"server-bridge","testMode":true,"timestamp":"2026-05-06T16:18:54.380Z"}
{"component":"Env","environment":"development","hasDatabaseUrl":true,"hasGeminiKey":true,"hasJwtSecret":true,"hasUiOrigin":true,"level":"info","message":"Environment validation passed","nodeEnv":"development","service":"server-bridge","testMode":true,"timestamp":"2026-05-06T16:18:55.121Z"}
{"component":"Server","environment":"development","instanceId":"47fdc6e8-e101-42dc-8ebd-80cbdc40f927","level":"info","message":"Selina-Hub Central Nervous System online","port":"3001","service":"server-bridge","testMode":true,"timestamp":"2026-05-06T16:18:57.890Z"}
{"component":"Logger","environment":"development","fileLogging":true,"level":"info","logLevel":"debug","message":"Detailed logging system initialized","service":"server-bridge","testMode":true,"timestamp":"2026-05-06T16:20:13.788Z"}
{"component":"Env","environment":"development","hasDatabaseUrl":true,"hasGeminiKey":true,"hasJwtSecret":true,"hasUiOrigin":true,"level":"info","message":"Environment validation passed","nodeEnv":"development","service":"server-bridge","testMode":true,"timestamp":"2026-05-06T16:20:14.386Z"}
{"component":"Server","environment":"development","instanceId":"a86d5d1f-fead-4116-bad9-e64d511f26b7","level":"info","message":"Selina-Hub Central Nervous System online","port":"3001","service":"server-bridge","testMode":true,"timestamp":"2026-05-06T16:20:16.925Z"}
{"component":"Logger","environment":"development","fileLogging":true,"level":"info","logLevel":"debug","message":"Detailed logging system initialized","service":"server-bridge","testMode":true,"timestamp":"2026-05-06T16:24:41.974Z"}
{"component":"Env","environment":"development","hasDatabaseUrl":true,"hasGeminiKey":true,"hasJwtSecret":true,"hasUiOrigin":true,"level":"info","message":"Environment validation passed","nodeEnv":"development","service":"server-bridge","testMode":true,"timestamp":"2026-05-06T16:24:42.765Z"}
{"component":"Server","environment":"development","instanceId":"0a4e72fa-1494-43a8-9e2d-4ec52afc9d80","level":"info","message":"Selina-Hub Central Nervous System online","port":"3001","service":"server-bridge","testMode":true,"timestamp":"2026-05-06T16:24:45.395Z"}
{"component":"Logger","environment":"development","fileLogging":true,"level":"info","logLevel":"debug","message":"Detailed logging system initialized","service":"server-bridge","testMode":true,"timestamp":"2026-05-06T16:25:09.180Z"}
{"component":"Env","environment":"development","hasDatabaseUrl":true,"hasGeminiKey":true,"hasJwtSecret":true,"hasUiOrigin":true,"level":"info","message":"Environment validation passed","nodeEnv":"development","service":"server-bridge","testMode":true,"timestamp":"2026-05-06T16:25:09.732Z"}
{"component":"Server","environment":"development","instanceId":"587d6fb3-0610-45ba-85e2-d58c7a6d196d","level":"info","message":"Selina-Hub Central Nervous System online","port":"3001","service":"server-bridge","testMode":true,"timestamp":"2026-05-06T16:25:12.516Z"}
{"component":"HTTP","contentLength":"88","duration":"1769ms","environment":"development","level":"warn","message":"Request completed","requestId":"req_1778084724704_39yrwtb7l","responseBody":"{\"success\":false,\"error\":\"Invalid or expired sign-in handoff.\",\"code\":\"INVALID_HANDOFF\"}","service":"server-bridge","statusCode":401,"statusMessage":"Unauthorized","testMode":true,"timestamp":"2026-05-06T16:25:26.473Z"}
{"component":"Logger","environment":"development","fileLogging":true,"level":"info","logLevel":"debug","message":"Detailed logging system initialized","service":"server-bridge","testMode":true,"timestamp":"2026-05-06T16:34:33.954Z"}
{"component":"Env","environment":"development","hasDatabaseUrl":true,"hasGeminiKey":true,"hasJwtSecret":true,"hasUiOrigin":true,"level":"info","message":"Environment validation passed","nodeEnv":"development","service":"server-bridge","testMode":true,"timestamp":"2026-05-06T16:34:34.861Z"}
{"component":"Server","environment":"development","instanceId":"a57e3901-6f01-4013-bd74-b4621ec6643a","level":"info","message":"Selina-Hub Central Nervous System online","port":"3001","service":"server-bridge","testMode":true,"timestamp":"2026-05-06T16:34:38.514Z"}
{"component":"HTTP","contentLength":"88","duration":"1734ms","environment":"development","level":"warn","message":"Request completed","requestId":"req_1778085307476_78k5x5pkr","responseBody":"{\"success\":false,\"error\":\"Invalid or expired sign-in handoff.\",\"code\":\"INVALID_HANDOFF\"}","service":"server-bridge","statusCode":401,"statusMessage":"Unauthorized","testMode":true,"timestamp":"2026-05-06T16:35:09.210Z"}
{"component":"HTTP","contentLength":"88","duration":"247ms","environment":"development","level":"warn","message":"Request completed","requestId":"req_1778085366531_8qmrl5yy9","responseBody":"{\"success\":false,\"error\":\"Invalid or expired sign-in handoff.\",\"code\":\"INVALID_HANDOFF\"}","service":"server-bridge","statusCode":401,"statusMessage":"Unauthorized","testMode":true,"timestamp":"2026-05-06T16:36:06.778Z"}
{"component":"HTTP","contentLength":"88","duration":"243ms","environment":"development","level":"warn","message":"Request completed","requestId":"req_1778085366791_1c3dawqtu","responseBody":"{\"success\":false,\"error\":\"Invalid or expired sign-in handoff.\",\"code\":\"INVALID_HANDOFF\"}","service":"server-bridge","statusCode":401,"statusMessage":"Unauthorized","testMode":true,"timestamp":"2026-05-06T16:36:07.034Z"}
{"component":"HTTP","contentLength":"88","duration":"248ms","environment":"development","level":"warn","message":"Request completed","requestId":"req_1778085366794_m5u4cqpxk","responseBody":"{\"success\":false,\"error\":\"Invalid or expired sign-in handoff.\",\"code\":\"INVALID_HANDOFF\"}","service":"server-bridge","statusCode":401,"statusMessage":"Unauthorized","testMode":true,"timestamp":"2026-05-06T16:36:07.042Z"}
{"component":"HTTP","contentLength":"88","duration":"249ms","environment":"development","level":"warn","message":"Request completed","requestId":"req_1778085373525_jg7b4p9mc","responseBody":"{\"success\":false,\"error\":\"Invalid or expired sign-in handoff.\",\"code\":\"INVALID_HANDOFF\"}","service":"server-bridge","statusCode":401,"statusMessage":"Unauthorized","testMode":true,"timestamp":"2026-05-06T16:36:13.774Z"}
{"component":"HTTP","contentLength":"88","duration":"251ms","environment":"development","level":"warn","message":"Request completed","requestId":"req_1778085395525_898jik936","responseBody":"{\"success\":false,\"error\":\"Invalid or expired sign-in handoff.\",\"code\":\"INVALID_HANDOFF\"}","service":"server-bridge","statusCode":401,"statusMessage":"Unauthorized","testMode":true,"timestamp":"2026-05-06T16:36:35.776Z"}
{"component":"HTTP","contentLength":"88","duration":"247ms","environment":"development","level":"warn","message":"Request completed","requestId":"req_1778085395788_apz4l7m40","responseBody":"{\"success\":false,\"error\":\"Invalid or expired sign-in handoff.\",\"code\":\"INVALID_HANDOFF\"}","service":"server-bridge","statusCode":401,"statusMessage":"Unauthorized","testMode":true,"timestamp":"2026-05-06T16:36:36.035Z"}
{"component":"HTTP","contentLength":"88","duration":"485ms","environment":"development","level":"warn","message":"Request completed","requestId":"req_1778085395793_iwe2c1o0j","responseBody":"{\"success\":false,\"error\":\"Invalid or expired sign-in handoff.\",\"code\":\"INVALID_HANDOFF\"}","service":"server-bridge","statusCode":401,"statusMessage":"Unauthorized","testMode":true,"timestamp":"2026-05-06T16:36:36.278Z"}
{"component":"HTTP","contentLength":"88","duration":"249ms","environment":"development","level":"warn","message":"Request completed","requestId":"req_1778085408527_cyrieee7r","responseBody":"{\"success\":false,\"error\":\"Invalid or expired sign-in handoff.\",\"code\":\"INVALID_HANDOFF\"}","service":"server-bridge","statusCode":401,"statusMessage":"Unauthorized","testMode":true,"timestamp":"2026-05-06T16:36:48.777Z"}
{"component":"HTTP","contentLength":"88","duration":"243ms","environment":"development","level":"warn","message":"Request completed","requestId":"req_1778085502207_4tqqutjd9","responseBody":"{\"success\":false,\"error\":\"Invalid or expired sign-in handoff.\",\"code\":\"INVALID_HANDOFF\"}","service":"server-bridge","statusCode":401,"statusMessage":"Unauthorized","testMode":true,"timestamp":"2026-05-06T16:38:22.450Z"}
{"component":"Logger","environment":"development","fileLogging":true,"level":"info","logLevel":"debug","message":"Detailed logging system initialized","service":"server-bridge","testMode":true,"timestamp":"2026-05-06T16:39:36.346Z"}
{"component":"Env","environment":"development","hasDatabaseUrl":true,"hasGeminiKey":true,"hasJwtSecret":true,"hasUiOrigin":true,"level":"info","message":"Environment validation passed","nodeEnv":"development","service":"server-bridge","testMode":true,"timestamp":"2026-05-06T16:39:36.879Z"}
{"component":"Server","environment":"development","instanceId":"010a6a89-37b3-49e7-b973-ea7d5adb4f5a","level":"info","message":"Selina-Hub Central Nervous System online","port":"3001","service":"server-bridge","testMode":true,"timestamp":"2026-05-06T16:39:39.329Z"}
{"component":"HTTP","contentLength":"88","duration":"237ms","environment":"development","level":"warn","message":"Request completed","requestId":"req_1778085747526_k7q0nnfo5","responseBody":"{\"success\":false,\"error\":\"Invalid or expired sign-in handoff.\",\"code\":\"INVALID_HANDOFF\"}","service":"server-bridge","statusCode":401,"statusMessage":"Unauthorized","testMode":true,"timestamp":"2026-05-06T16:42:27.763Z"}
{"component":"HTTP","contentLength":"88","duration":"241ms","environment":"development","level":"warn","message":"Request completed","requestId":"req_1778085747779_k26nfvlgn","responseBody":"{\"success\":false,\"error\":\"Invalid or expired sign-in handoff.\",\"code\":\"INVALID_HANDOFF\"}","service":"server-bridge","statusCode":401,"statusMessage":"Unauthorized","testMode":true,"timestamp":"2026-05-06T16:42:28.020Z"}
{"component":"Database","environment":"development","error":{"message":"Connection terminated unexpectedly","name":"Error","stack":"Error: Connection terminated unexpectedly\n    at Connection.<anonymous> (D:\\Vibe Hub\\node_modules\\pg\\lib\\client.js:180:73)\n    at Object.onceWrapper (node:events:638:28)\n    at Connection.emit (node:events:524:28)\n    at Socket.<anonymous> (D:\\Vibe Hub\\node_modules\\pg\\lib\\connection.js:61:12)\n    at Socket.emit (node:events:536:35)\n    at TCP.<anonymous> (node:net:343:12)"},"level":"error","message":"Unexpected error on idle client","service":"server-bridge","testMode":true,"timestamp":"2026-05-06T16:48:58.647Z"}
{"component":"Logger","environment":"development","fileLogging":true,"level":"info","logLevel":"debug","message":"Detailed logging system initialized","service":"server-bridge","testMode":true,"timestamp":"2026-05-06T17:02:44.192Z"}
{"component":"Env","environment":"development","hasDatabaseUrl":true,"hasGeminiKey":true,"hasJwtSecret":true,"hasUiOrigin":true,"level":"info","message":"Environment validation passed","nodeEnv":"development","service":"server-bridge","testMode":true,"timestamp":"2026-05-06T17:02:45.428Z"}
{"component":"Logger","environment":"development","fileLogging":true,"level":"info","logLevel":"debug","message":"Detailed logging system initialized","service":"server-bridge","testMode":true,"timestamp":"2026-05-06T17:02:46.682Z"}
{"component":"Env","environment":"development","hasDatabaseUrl":true,"hasGeminiKey":true,"hasJwtSecret":true,"hasUiOrigin":true,"level":"info","message":"Environment validation passed","nodeEnv":"development","service":"server-bridge","testMode":true,"timestamp":"2026-05-06T17:02:47.345Z"}
{"component":"Server","environment":"development","instanceId":"b242fb53-5d59-4e34-a11e-bb49a82964a3","level":"info","message":"Selina-Hub Central Nervous System online","port":"3001","service":"server-bridge","testMode":true,"timestamp":"2026-05-06T17:02:52.049Z"}
{"component":"Logger","environment":"development","fileLogging":true,"level":"info","logLevel":"debug","message":"Detailed logging system initialized","service":"server-bridge","testMode":true,"timestamp":"2026-05-06T17:08:42.823Z"}
{"component":"Env","environment":"development","hasDatabaseUrl":true,"hasGeminiKey":true,"hasJwtSecret":true,"hasUiOrigin":true,"level":"info","message":"Environment validation passed","nodeEnv":"development","service":"server-bridge","testMode":true,"timestamp":"2026-05-06T17:08:43.819Z"}
{"component":"Server","environment":"development","instanceId":"0c4c2d23-5305-48f4-bc9d-6f94a32c40d0","level":"info","message":"Selina-Hub Central Nervous System online","port":"3001","service":"server-bridge","testMode":true,"timestamp":"2026-05-06T17:08:46.572Z"}
{"component":"Logger","environment":"development","fileLogging":true,"level":"info","logLevel":"debug","message":"Detailed logging system initialized","service":"server-bridge","testMode":true,"timestamp":"2026-05-06T17:08:50.733Z"}
{"component":"Env","environment":"development","hasDatabaseUrl":true,"hasGeminiKey":true,"hasJwtSecret":true,"hasUiOrigin":true,"level":"info","message":"Environment validation passed","nodeEnv":"development","service":"server-bridge","testMode":true,"timestamp":"2026-05-06T17:08:51.710Z"}
{"component":"Server","environment":"development","instanceId":"47601c2e-60af-4561-98db-5941eed02a41","level":"info","message":"Selina-Hub Central Nervous System online","port":"3001","service":"server-bridge","testMode":true,"timestamp":"2026-05-06T17:08:54.428Z"}
{"component":"Logger","environment":"development","fileLogging":true,"level":"info","logLevel":"debug","message":"Detailed logging system initialized","service":"server-bridge","testMode":true,"timestamp":"2026-05-06T17:16:50.050Z"}
{"component":"Env","environment":"development","hasDatabaseUrl":true,"hasGeminiKey":true,"hasJwtSecret":true,"hasUiOrigin":true,"level":"info","message":"Environment validation passed","nodeEnv":"development","service":"server-bridge","testMode":true,"timestamp":"2026-05-06T17:16:50.612Z"}
{"component":"Server","environment":"development","instanceId":"41aa593c-8f35-4898-88bf-056255b94c5a","level":"info","message":"Selina-Hub Central Nervous System online","port":"3001","service":"server-bridge","testMode":true,"timestamp":"2026-05-06T17:16:53.266Z"}
{"component":"Logger","environment":"development","fileLogging":true,"level":"info","logLevel":"debug","message":"Detailed logging system initialized","service":"server-bridge","testMode":true,"timestamp":"2026-05-06T17:17:02.382Z"}
{"component":"Env","environment":"development","hasDatabaseUrl":true,"hasGeminiKey":true,"hasJwtSecret":true,"hasUiOrigin":true,"level":"info","message":"Environment validation passed","nodeEnv":"development","service":"server-bridge","testMode":true,"timestamp":"2026-05-06T17:17:02.916Z"}
{"component":"Server","environment":"development","instanceId":"54b49073-88e7-40d5-87d8-789bd62c88d0","level":"info","message":"Selina-Hub Central Nervous System online","port":"3001","service":"server-bridge","testMode":true,"timestamp":"2026-05-06T17:17:05.570Z"}
{"component":"Database","environment":"development","error":{"message":"Connection terminated unexpectedly","name":"Error","stack":"Error: Connection terminated unexpectedly\n    at Connection.<anonymous> (D:\\Vibe Hub\\node_modules\\pg\\lib\\client.js:180:73)\n    at Object.onceWrapper (node:events:638:28)\n    at Connection.emit (node:events:524:28)\n    at Socket.<anonymous> (D:\\Vibe Hub\\node_modules\\pg\\lib\\connection.js:61:12)\n    at Socket.emit (node:events:536:35)\n    at TCP.<anonymous> (node:net:343:12)"},"level":"error","message":"Unexpected error on idle client","service":"server-bridge","testMode":true,"timestamp":"2026-05-06T17:24:43.901Z"}
{"component":"Logger","environment":"development","fileLogging":true,"level":"info","logLevel":"debug","message":"Detailed logging system initialized","service":"server-bridge","testMode":true,"timestamp":"2026-05-06T17:34:43.961Z"}
{"component":"Env","environment":"development","hasDatabaseUrl":true,"hasGeminiKey":true,"hasJwtSecret":true,"hasUiOrigin":true,"level":"info","message":"Environment validation passed","nodeEnv":"development","service":"server-bridge","testMode":true,"timestamp":"2026-05-06T17:34:44.560Z"}
{"component":"Server","environment":"development","instanceId":"c9065d2e-6a57-4346-9776-aeb614f9b897","level":"info","message":"Selina-Hub Central Nervous System online","port":"3001","service":"server-bridge","testMode":true,"timestamp":"2026-05-06T17:34:47.312Z"}
{"component":"Logger","environment":"development","fileLogging":true,"level":"info","logLevel":"debug","message":"Detailed logging system initialized","service":"server-bridge","testMode":true,"timestamp":"2026-05-06T17:36:58.713Z"}
{"component":"Env","environment":"development","hasDatabaseUrl":true,"hasGeminiKey":true,"hasJwtSecret":true,"hasUiOrigin":true,"level":"info","message":"Environment validation passed","nodeEnv":"development","service":"server-bridge","testMode":true,"timestamp":"2026-05-06T17:36:59.286Z"}
{"component":"Server","environment":"development","instanceId":"4736e16a-622f-4431-807e-0ea2041cbd21","level":"info","message":"Selina-Hub Central Nervous System online","port":"3001","service":"server-bridge","testMode":true,"timestamp":"2026-05-06T17:37:02.239Z"}
{"component":"Logger","environment":"development","fileLogging":true,"level":"info","logLevel":"debug","message":"Detailed logging system initialized","service":"server-bridge","testMode":true,"timestamp":"2026-05-06T17:37:08.437Z"}
{"component":"Env","environment":"development","hasDatabaseUrl":true,"hasGeminiKey":true,"hasJwtSecret":true,"hasUiOrigin":true,"level":"info","message":"Environment validation passed","nodeEnv":"development","service":"server-bridge","testMode":true,"timestamp":"2026-05-06T17:37:08.988Z"}
{"component":"Server","environment":"development","instanceId":"2b6fe31d-2682-477c-a3d3-a4ccac7c71d8","level":"info","message":"Selina-Hub Central Nervous System online","port":"3001","service":"server-bridge","testMode":true,"timestamp":"2026-05-06T17:37:11.554Z"}
{"component":"Logger","environment":"development","fileLogging":true,"level":"info","logLevel":"debug","message":"Detailed logging system initialized","service":"server-bridge","testMode":true,"timestamp":"2026-05-06T17:37:40.666Z"}
{"component":"Env","environment":"development","hasDatabaseUrl":true,"hasGeminiKey":true,"hasJwtSecret":true,"hasUiOrigin":true,"level":"info","message":"Environment validation passed","nodeEnv":"development","service":"server-bridge","testMode":true,"timestamp":"2026-05-06T17:37:41.359Z"}
{"component":"Server","environment":"development","instanceId":"cfa73cbc-04a5-4492-bc38-19c4da6d1084","level":"info","message":"Selina-Hub Central Nervous System online","port":"3001","service":"server-bridge","testMode":true,"timestamp":"2026-05-06T17:37:44.925Z"}
{"component":"Database","environment":"development","error":{"message":"Connection terminated unexpectedly","name":"Error","stack":"Error: Connection terminated unexpectedly\n    at Connection.<anonymous> (D:\\Vibe Hub\\node_modules\\pg\\lib\\client.js:180:73)\n    at Object.onceWrapper (node:events:638:28)\n    at Connection.emit (node:events:524:28)\n    at Socket.<anonymous> (D:\\Vibe Hub\\node_modules\\pg\\lib\\connection.js:61:12)\n    at Socket.emit (node:events:536:35)\n    at TCP.<anonymous> (node:net:343:12)"},"level":"error","message":"Unexpected error on idle client","service":"server-bridge","testMode":true,"timestamp":"2026-05-06T17:42:58.658Z"}
{"component":"Logger","environment":"development","fileLogging":true,"level":"info","logLevel":"debug","message":"Detailed logging system initialized","service":"server-bridge","testMode":true,"timestamp":"2026-05-06T17:53:11.376Z"}
{"component":"Env","environment":"development","hasDatabaseUrl":true,"hasGeminiKey":true,"hasJwtSecret":true,"hasUiOrigin":true,"level":"info","message":"Environment validation passed","nodeEnv":"development","service":"server-bridge","testMode":true,"timestamp":"2026-05-06T17:53:12.529Z"}
{"component":"Server","environment":"development","instanceId":"b21e068f-0184-4e26-b40a-381428b5388c","level":"info","message":"Selina-Hub Central Nervous System online","port":"3001","service":"server-bridge","testMode":true,"timestamp":"2026-05-06T17:53:16.870Z"}
{"component":"Logger","environment":"development","fileLogging":true,"level":"info","logLevel":"debug","message":"Detailed logging system initialized","service":"server-bridge","testMode":true,"timestamp":"2026-05-06T17:54:23.117Z"}
{"component":"Env","environment":"development","hasDatabaseUrl":true,"hasGeminiKey":true,"hasJwtSecret":true,"hasUiOrigin":true,"level":"info","message":"Environment validation passed","nodeEnv":"development","service":"server-bridge","testMode":true,"timestamp":"2026-05-06T17:54:23.995Z"}
{"component":"Server","environment":"development","instanceId":"78507cbf-d0ee-4afe-b043-57f2fc9ec2cf","level":"info","message":"Selina-Hub Central Nervous System online","port":"3001","service":"server-bridge","testMode":true,"timestamp":"2026-05-06T17:54:27.414Z"}
{"component":"Logger","environment":"development","fileLogging":true,"level":"info","logLevel":"debug","message":"Detailed logging system initialized","service":"server-bridge","testMode":true,"timestamp":"2026-05-06T17:54:59.005Z"}
{"component":"Env","environment":"development","hasDatabaseUrl":true,"hasGeminiKey":true,"hasJwtSecret":true,"hasUiOrigin":true,"level":"info","message":"Environment validation passed","nodeEnv":"development","service":"server-bridge","testMode":true,"timestamp":"2026-05-06T17:55:00.622Z"}
{"component":"Server","environment":"development","instanceId":"23a6d0b8-a7f7-4b6e-8812-74ac61e459c4","level":"info","message":"Selina-Hub Central Nervous System online","port":"3001","service":"server-bridge","testMode":true,"timestamp":"2026-05-06T17:55:03.620Z"}
{"component":"Logger","environment":"development","fileLogging":true,"level":"info","logLevel":"debug","message":"Detailed logging system initialized","service":"server-bridge","testMode":true,"timestamp":"2026-05-06T17:55:50.529Z"}
{"component":"Env","environment":"development","hasDatabaseUrl":true,"hasGeminiKey":true,"hasJwtSecret":true,"hasUiOrigin":true,"level":"info","message":"Environment validation passed","nodeEnv":"development","service":"server-bridge","testMode":true,"timestamp":"2026-05-06T17:55:54.069Z"}
{"component":"Server","environment":"development","instanceId":"9564d253-9992-4a38-a83e-ea5f7a4a93d3","level":"info","message":"Selina-Hub Central Nervous System online","port":"3001","service":"server-bridge","testMode":true,"timestamp":"2026-05-06T17:55:57.908Z"}
{"component":"Logger","environment":"development","fileLogging":true,"level":"info","logLevel":"debug","message":"Detailed logging system initialized","service":"server-bridge","testMode":true,"timestamp":"2026-05-06T17:56:16.793Z"}
{"component":"Env","environment":"development","hasDatabaseUrl":true,"hasGeminiKey":true,"hasJwtSecret":true,"hasUiOrigin":true,"level":"info","message":"Environment validation passed","nodeEnv":"development","service":"server-bridge","testMode":true,"timestamp":"2026-05-06T17:56:18.734Z"}
{"component":"Logger","environment":"development","fileLogging":true,"level":"info","logLevel":"debug","message":"Detailed logging system initialized","service":"server-bridge","testMode":true,"timestamp":"2026-05-06T17:56:25.062Z"}
{"component":"Env","environment":"development","hasDatabaseUrl":true,"hasGeminiKey":true,"hasJwtSecret":true,"hasUiOrigin":true,"level":"info","message":"Environment validation passed","nodeEnv":"development","service":"server-bridge","testMode":true,"timestamp":"2026-05-06T17:56:28.286Z"}
{"component":"Server","environment":"development","instanceId":"4c2b6d7e-198d-42e6-b77b-c1efdeec6a5e","level":"info","message":"Selina-Hub Central Nervous System online","port":"3001","service":"server-bridge","testMode":true,"timestamp":"2026-05-06T17:56:31.084Z"}
{"component":"Logger","environment":"development","fileLogging":true,"level":"info","logLevel":"debug","message":"Detailed logging system initialized","service":"server-bridge","testMode":true,"timestamp":"2026-05-06T18:02:52.900Z"}
{"component":"Env","environment":"development","hasDatabaseUrl":true,"hasGeminiKey":true,"hasJwtSecret":true,"hasUiOrigin":true,"level":"info","message":"Environment validation passed","nodeEnv":"development","service":"server-bridge","testMode":true,"timestamp":"2026-05-06T18:02:53.683Z"}
{"component":"Logger","environment":"development","fileLogging":true,"level":"info","logLevel":"debug","message":"Detailed logging system initialized","service":"server-bridge","testMode":true,"timestamp":"2026-05-06T18:02:55.017Z"}
{"component":"Env","environment":"development","hasDatabaseUrl":true,"hasGeminiKey":true,"hasJwtSecret":true,"hasUiOrigin":true,"level":"info","message":"Environment validation passed","nodeEnv":"development","service":"server-bridge","testMode":true,"timestamp":"2026-05-06T18:02:55.689Z"}
{"component":"Server","environment":"development","instanceId":"6a34437a-aff0-4acf-a370-cc5c973c8408","level":"info","message":"Selina-Hub Central Nervous System online","port":"3001","service":"server-bridge","testMode":true,"timestamp":"2026-05-06T18:02:58.165Z"}
{"component":"Logger","environment":"development","fileLogging":true,"level":"info","logLevel":"debug","message":"Detailed logging system initialized","service":"server-bridge","testMode":true,"timestamp":"2026-05-06T18:03:41.661Z"}
{"component":"Env","environment":"development","hasDatabaseUrl":true,"hasGeminiKey":true,"hasJwtSecret":true,"hasUiOrigin":true,"level":"info","message":"Environment validation passed","nodeEnv":"development","service":"server-bridge","testMode":true,"timestamp":"2026-05-06T18:03:43.861Z"}
{"component":"Server","environment":"development","instanceId":"34db3211-a8e2-45d5-b824-4e1cfc88066c","level":"info","message":"Selina-Hub Central Nervous System online","port":"3001","service":"server-bridge","testMode":true,"timestamp":"2026-05-06T18:03:46.754Z"}
{"component":"Logger","environment":"development","fileLogging":true,"level":"info","logLevel":"debug","message":"Detailed logging system initialized","service":"server-bridge","testMode":true,"timestamp":"2026-05-06T18:03:52.361Z"}
{"component":"Env","environment":"development","hasDatabaseUrl":true,"hasGeminiKey":true,"hasJwtSecret":true,"hasUiOrigin":true,"level":"info","message":"Environment validation passed","nodeEnv":"development","service":"server-bridge","testMode":true,"timestamp":"2026-05-06T18:03:55.176Z"}
{"component":"Server","environment":"development","instanceId":"a77f2386-c3df-41ea-9fd7-a69a3d3b2a93","level":"info","message":"Seklina server bridge online","port":"3001","service":"server-bridge","testMode":true,"timestamp":"2026-05-06T18:03:58.189Z"}
{"component":"Logger","environment":"development","fileLogging":true,"level":"info","logLevel":"debug","message":"Detailed logging system initialized","service":"server-bridge","testMode":true,"timestamp":"2026-05-06T18:04:07.967Z"}
{"component":"Env","environment":"development","hasDatabaseUrl":true,"hasGeminiKey":true,"hasJwtSecret":true,"hasUiOrigin":true,"level":"info","message":"Environment validation passed","nodeEnv":"development","service":"server-bridge","testMode":true,"timestamp":"2026-05-06T18:04:09.915Z"}
{"component":"Server","environment":"development","instanceId":"a1e46095-1a94-464b-acab-6973a57f29d4","level":"info","message":"Seklina server bridge online","port":"3001","service":"server-bridge","testMode":true,"timestamp":"2026-05-06T18:04:12.667Z"}
{"component":"Logger","environment":"development","fileLogging":true,"level":"info","logLevel":"debug","message":"Detailed logging system initialized","service":"server-bridge","testMode":true,"timestamp":"2026-05-06T18:04:27.424Z"}
{"component":"Env","environment":"development","hasDatabaseUrl":true,"hasGeminiKey":true,"hasJwtSecret":true,"hasUiOrigin":true,"level":"info","message":"Environment validation passed","nodeEnv":"development","service":"server-bridge","testMode":true,"timestamp":"2026-05-06T18:04:29.255Z"}
{"component":"Server","environment":"development","instanceId":"772fec76-ce7b-4cc6-8ff3-81bf5aff0240","level":"info","message":"Seklina server bridge online","port":"3001","service":"server-bridge","testMode":true,"timestamp":"2026-05-06T18:04:32.470Z"}
{"component":"Logger","environment":"development","fileLogging":true,"level":"info","logLevel":"debug","message":"Detailed logging system initialized","service":"server-bridge","testMode":true,"timestamp":"2026-05-06T18:04:42.302Z"}
{"component":"Env","environment":"development","hasDatabaseUrl":true,"hasGeminiKey":true,"hasJwtSecret":true,"hasUiOrigin":true,"level":"info","message":"Environment validation passed","nodeEnv":"development","service":"server-bridge","testMode":true,"timestamp":"2026-05-06T18:04:44.486Z"}
{"component":"Server","environment":"development","instanceId":"663ade91-5640-47f2-a096-a497d1eccfc5","level":"info","message":"Seklina server bridge online","port":"3001","service":"server-bridge","testMode":true,"timestamp":"2026-05-06T18:04:47.620Z"}
{"component":"Logger","environment":"development","fileLogging":true,"level":"info","logLevel":"debug","message":"Detailed logging system initialized","service":"server-bridge","testMode":true,"timestamp":"2026-05-06T18:04:58.444Z"}
{"component":"Env","environment":"development","hasDatabaseUrl":true,"hasGeminiKey":true,"hasJwtSecret":true,"hasUiOrigin":true,"level":"info","message":"Environment validation passed","nodeEnv":"development","service":"server-bridge","testMode":true,"timestamp":"2026-05-06T18:04:59.955Z"}
{"component":"Server","environment":"development","instanceId":"eaf9aa4f-7a73-4123-8714-9d5dc3e987a8","level":"info","message":"Seklina server bridge online","port":"3001","service":"server-bridge","testMode":true,"timestamp":"2026-05-06T18:05:02.695Z"}
{"component":"Logger","environment":"development","fileLogging":true,"level":"info","logLevel":"debug","message":"Detailed logging system initialized","service":"server-bridge","testMode":true,"timestamp":"2026-05-06T18:05:12.674Z"}
{"component":"Env","environment":"development","hasDatabaseUrl":true,"hasGeminiKey":true,"hasJwtSecret":true,"hasUiOrigin":true,"level":"info","message":"Environment validation passed","nodeEnv":"development","service":"server-bridge","testMode":true,"timestamp":"2026-05-06T18:05:14.197Z"}
{"component":"Server","environment":"development","instanceId":"61bbcfb0-4380-4fd8-bfe5-ce88b770e969","level":"info","message":"Seklina server bridge online","port":"3001","service":"server-bridge","testMode":true,"timestamp":"2026-05-06T18:05:16.976Z"}
{"component":"Logger","environment":"development","fileLogging":true,"level":"info","logLevel":"debug","message":"Detailed logging system initialized","service":"server-bridge","testMode":true,"timestamp":"2026-05-06T18:05:22.893Z"}
{"component":"Env","environment":"development","hasDatabaseUrl":true,"hasGeminiKey":true,"hasJwtSecret":true,"hasUiOrigin":true,"level":"info","message":"Environment validation passed","nodeEnv":"development","service":"server-bridge","testMode":true,"timestamp":"2026-05-06T18:05:24.304Z"}
{"component":"Server","environment":"development","instanceId":"25dd7738-ba27-461a-89c3-e862a4db6bf7","level":"info","message":"Seklina server bridge online","port":"3001","service":"server-bridge","testMode":true,"timestamp":"2026-05-06T18:05:26.870Z"}
{"component":"Logger","environment":"development","fileLogging":true,"level":"info","logLevel":"debug","message":"Detailed logging system initialized","service":"server-bridge","testMode":true,"timestamp":"2026-05-06T18:05:45.822Z"}
{"component":"Env","environment":"development","hasDatabaseUrl":true,"hasGeminiKey":true,"hasJwtSecret":true,"hasUiOrigin":true,"level":"info","message":"Environment validation passed","nodeEnv":"development","service":"server-bridge","testMode":true,"timestamp":"2026-05-06T18:05:47.295Z"}
{"component":"Server","environment":"development","instanceId":"34201e76-351f-4511-93ed-bc09fb246d8f","level":"info","message":"Seklina server bridge online","port":"3001","service":"server-bridge","testMode":true,"timestamp":"2026-05-06T18:05:50.196Z"}
{"component":"Logger","environment":"development","fileLogging":true,"level":"info","logLevel":"debug","message":"Detailed logging system initialized","service":"server-bridge","testMode":true,"timestamp":"2026-05-06T18:06:06.047Z"}
{"component":"Env","environment":"development","hasDatabaseUrl":true,"hasGeminiKey":true,"hasJwtSecret":true,"hasUiOrigin":true,"level":"info","message":"Environment validation passed","nodeEnv":"development","service":"server-bridge","testMode":true,"timestamp":"2026-05-06T18:06:07.356Z"}
{"component":"Server","environment":"development","instanceId":"bef20407-d7a9-4e42-9f61-8dc286cae0a6","level":"info","message":"Seklina server bridge online","port":"3001","service":"server-bridge","testMode":true,"timestamp":"2026-05-06T18:06:10.228Z"}
{"component":"Logger","environment":"development","fileLogging":true,"level":"info","logLevel":"debug","message":"Detailed logging system initialized","service":"server-bridge","testMode":true,"timestamp":"2026-05-06T18:06:43.701Z"}
{"component":"Env","environment":"development","hasDatabaseUrl":true,"hasGeminiKey":true,"hasJwtSecret":true,"hasUiOrigin":true,"level":"info","message":"Environment validation passed","nodeEnv":"development","service":"server-bridge","testMode":true,"timestamp":"2026-05-06T18:06:44.971Z"}
{"component":"Server","environment":"development","instanceId":"104a098e-1a6f-4528-9b01-08abb943f771","level":"info","message":"Seklina server bridge online","port":"3001","service":"server-bridge","testMode":true,"timestamp":"2026-05-06T18:06:47.829Z"}
{"component":"Logger","environment":"development","fileLogging":true,"level":"info","logLevel":"debug","message":"Detailed logging system initialized","service":"server-bridge","testMode":true,"timestamp":"2026-05-06T18:08:51.308Z"}
{"component":"Env","environment":"development","hasDatabaseUrl":true,"hasGeminiKey":true,"hasJwtSecret":true,"hasUiOrigin":true,"level":"info","message":"Environment validation passed","nodeEnv":"development","service":"server-bridge","testMode":true,"timestamp":"2026-05-06T18:08:52.169Z"}
{"component":"Server","environment":"development","instanceId":"82ea7239-a1bb-4f17-8a3d-334c06ab42df","level":"info","message":"Seklina server bridge online","port":"3001","service":"server-bridge","testMode":true,"timestamp":"2026-05-06T18:08:55.701Z"}
{"component":"Logger","environment":"development","fileLogging":true,"level":"info","logLevel":"debug","message":"Detailed logging system initialized","service":"server-bridge","testMode":true,"timestamp":"2026-05-06T18:08:59.787Z"}
{"component":"Env","environment":"development","hasDatabaseUrl":true,"hasGeminiKey":true,"hasJwtSecret":true,"hasUiOrigin":true,"level":"info","message":"Environment validation passed","nodeEnv":"development","service":"server-bridge","testMode":true,"timestamp":"2026-05-06T18:09:02.991Z"}
{"component":"Server","environment":"development","instanceId":"3f46c179-629a-4bd5-91e0-ca9e3478ef48","level":"info","message":"Seklina server bridge online","port":"3001","service":"server-bridge","testMode":true,"timestamp":"2026-05-06T18:09:05.948Z"}
{"component":"Logger","environment":"development","fileLogging":true,"level":"info","logLevel":"debug","message":"Detailed logging system initialized","service":"server-bridge","testMode":true,"timestamp":"2026-05-06T18:09:37.145Z"}
{"component":"Env","environment":"development","hasDatabaseUrl":true,"hasGeminiKey":true,"hasJwtSecret":true,"hasUiOrigin":true,"level":"info","message":"Environment validation passed","nodeEnv":"development","service":"server-bridge","testMode":true,"timestamp":"2026-05-06T18:09:39.480Z"}
{"component":"Server","environment":"development","instanceId":"2e7143e0-28ee-4819-a8c4-39de04856e69","level":"info","message":"Seklina server bridge online","port":"3001","service":"server-bridge","testMode":true,"timestamp":"2026-05-06T18:09:42.511Z"}
{"component":"Logger","environment":"development","fileLogging":true,"level":"info","logLevel":"debug","message":"Detailed logging system initialized","service":"server-bridge","testMode":true,"timestamp":"2026-05-06T18:10:17.790Z"}
{"component":"Env","environment":"development","hasDatabaseUrl":true,"hasGeminiKey":true,"hasJwtSecret":true,"hasUiOrigin":true,"level":"info","message":"Environment validation passed","nodeEnv":"development","service":"server-bridge","testMode":true,"timestamp":"2026-05-06T18:10:20.014Z"}
{"component":"Server","environment":"development","instanceId":"629bceaa-a0ff-4e06-a269-d4f2774096f3","level":"info","message":"Seklina server bridge online","port":"3001","service":"server-bridge","testMode":true,"timestamp":"2026-05-06T18:10:23.377Z"}
{"component":"Logger","environment":"development","fileLogging":true,"level":"info","logLevel":"debug","message":"Detailed logging system initialized","service":"server-bridge","testMode":true,"timestamp":"2026-05-06T18:12:15.072Z"}
{"component":"Env","environment":"development","hasDatabaseUrl":true,"hasGeminiKey":true,"hasJwtSecret":true,"hasUiOrigin":true,"level":"info","message":"Environment validation passed","nodeEnv":"development","service":"server-bridge","testMode":true,"timestamp":"2026-05-06T18:12:17.206Z"}
{"component":"Server","environment":"development","instanceId":"4d5f4218-cb12-4365-ba4c-936283ac6a7e","level":"info","message":"Seklina server bridge online","port":"3001","service":"server-bridge","testMode":true,"timestamp":"2026-05-06T18:12:20.732Z"}
{"component":"Database","environment":"development","error":{"message":"Connection terminated unexpectedly","name":"Error","stack":"Error: Connection terminated unexpectedly\n    at Connection.<anonymous> (D:\\Vibe Hub\\node_modules\\pg\\lib\\client.js:180:73)\n    at Object.onceWrapper (node:events:638:28)\n    at Connection.emit (node:events:524:28)\n    at Socket.<anonymous> (D:\\Vibe Hub\\node_modules\\pg\\lib\\connection.js:61:12)\n    at Socket.emit (node:events:536:35)\n    at TCP.<anonymous> (node:net:343:12)"},"level":"error","message":"Unexpected error on idle client","service":"server-bridge","testMode":true,"timestamp":"2026-05-06T18:18:29.089Z"}
{"component":"Logger","environment":"development","fileLogging":true,"level":"info","logLevel":"debug","message":"Detailed logging system initialized","service":"server-bridge","testMode":true,"timestamp":"2026-05-06T18:21:10.800Z"}
{"component":"Env","environment":"development","hasDatabaseUrl":true,"hasGeminiKey":true,"hasJwtSecret":true,"hasUiOrigin":true,"level":"info","message":"Environment validation passed","nodeEnv":"development","service":"server-bridge","testMode":true,"timestamp":"2026-05-06T18:21:13.121Z"}
{"component":"Server","environment":"development","instanceId":"9c796df1-5dd6-4876-83b9-139337675651","level":"info","message":"Seklina server bridge online","port":"3001","service":"server-bridge","testMode":true,"timestamp":"2026-05-06T18:21:22.726Z"}
{"component":"Logger","environment":"development","fileLogging":true,"level":"info","logLevel":"debug","message":"Detailed logging system initialized","service":"server-bridge","testMode":true,"timestamp":"2026-05-06T18:21:26.762Z"}
{"component":"Env","environment":"development","hasDatabaseUrl":true,"hasGeminiKey":true,"hasJwtSecret":true,"hasUiOrigin":true,"level":"info","message":"Environment validation passed","nodeEnv":"development","service":"server-bridge","testMode":true,"timestamp":"2026-05-06T18:21:30.544Z"}
{"component":"Server","environment":"development","instanceId":"67be3cef-5a97-4c60-b296-3ca02cf0f480","level":"info","message":"Seklina server bridge online","port":"3001","service":"server-bridge","testMode":true,"timestamp":"2026-05-06T18:21:35.324Z"}
{"component":"Logger","environment":"development","fileLogging":true,"level":"info","logLevel":"debug","message":"Detailed logging system initialized","service":"server-bridge","testMode":true,"timestamp":"2026-05-06T18:21:43.009Z"}
{"component":"Env","environment":"development","hasDatabaseUrl":true,"hasGeminiKey":true,"hasJwtSecret":true,"hasUiOrigin":true,"level":"info","message":"Environment validation passed","nodeEnv":"development","service":"server-bridge","testMode":true,"timestamp":"2026-05-06T18:21:45.890Z"}
{"component":"Server","environment":"development","instanceId":"62f2be25-2912-4413-8d92-45b39a34c8c7","level":"info","message":"Seklina server bridge online","port":"3001","service":"server-bridge","testMode":true,"timestamp":"2026-05-06T18:21:51.233Z"}
{"component":"Logger","environment":"development","fileLogging":true,"level":"info","logLevel":"debug","message":"Detailed logging system initialized","service":"server-bridge","testMode":true,"timestamp":"2026-05-06T18:53:43.760Z"}
{"component":"Env","environment":"development","hasDatabaseUrl":true,"hasGeminiKey":true,"hasJwtSecret":true,"hasUiOrigin":true,"level":"info","message":"Environment validation passed","nodeEnv":"development","service":"server-bridge","testMode":true,"timestamp":"2026-05-06T18:53:44.561Z"}
{"component":"Server","environment":"development","instanceId":"7a1651db-488f-4602-b9be-3319f2b8ca97","level":"info","message":"Selina server bridge online","port":"3001","service":"server-bridge","testMode":true,"timestamp":"2026-05-06T18:53:51.798Z"}
{"component":"Logger","environment":"development","fileLogging":true,"level":"info","logLevel":"debug","message":"Detailed logging system initialized","service":"server-bridge","testMode":true,"timestamp":"2026-05-06T18:56:37.708Z"}
{"component":"Env","environment":"development","hasDatabaseUrl":true,"hasGeminiKey":true,"hasJwtSecret":true,"hasUiOrigin":true,"level":"info","message":"Environment validation passed","nodeEnv":"development","service":"server-bridge","testMode":true,"timestamp":"2026-05-06T18:56:38.342Z"}
{"component":"Logger","environment":"development","fileLogging":true,"level":"info","logLevel":"debug","message":"Detailed logging system initialized","service":"server-bridge","testMode":true,"timestamp":"2026-05-06T18:56:39.777Z"}
{"component":"Env","environment":"development","hasDatabaseUrl":true,"hasGeminiKey":true,"hasJwtSecret":true,"hasUiOrigin":true,"level":"info","message":"Environment validation passed","nodeEnv":"development","service":"server-bridge","testMode":true,"timestamp":"2026-05-06T18:56:40.417Z"}
{"component":"Server","environment":"development","instanceId":"65829a4d-d013-4118-908c-6415e9680eb7","level":"info","message":"Selina server bridge online","port":"3001","service":"server-bridge","testMode":true,"timestamp":"2026-05-06T18:56:42.928Z"}
{"component":"Logger","environment":"development","fileLogging":true,"level":"info","logLevel":"debug","message":"Detailed logging system initialized","service":"server-bridge","testMode":true,"timestamp":"2026-05-06T18:56:45.907Z"}
{"component":"Env","environment":"development","hasDatabaseUrl":true,"hasGeminiKey":true,"hasJwtSecret":true,"hasUiOrigin":true,"level":"info","message":"Environment validation passed","nodeEnv":"development","service":"server-bridge","testMode":true,"timestamp":"2026-05-06T18:56:46.510Z"}
{"component":"Server","environment":"development","instanceId":"a0919335-b4c2-4306-a2fa-ec05346e7ce3","level":"info","message":"Selina server bridge online","port":"3001","service":"server-bridge","testMode":true,"timestamp":"2026-05-06T18:56:49.082Z"}
{"component":"Logger","environment":"development","fileLogging":true,"level":"info","logLevel":"debug","message":"Detailed logging system initialized","service":"server-bridge","testMode":true,"timestamp":"2026-05-06T19:00:13.655Z"}
{"component":"Env","environment":"development","hasDatabaseUrl":true,"hasGeminiKey":true,"hasJwtSecret":true,"hasUiOrigin":true,"level":"info","message":"Environment validation passed","nodeEnv":"development","service":"server-bridge","testMode":true,"timestamp":"2026-05-06T19:00:14.263Z"}
{"component":"Server","environment":"development","instanceId":"61b8ca4a-46ab-4ae1-b81a-b68f50c35c40","level":"info","message":"Selina server bridge online","port":"3001","service":"server-bridge","testMode":true,"timestamp":"2026-05-06T19:00:16.873Z"}
{"component":"Logger","environment":"development","fileLogging":true,"level":"info","logLevel":"debug","message":"Detailed logging system initialized","service":"server-bridge","testMode":true,"timestamp":"2026-05-06T19:00:20.478Z"}
{"component":"Env","environment":"development","hasDatabaseUrl":true,"hasGeminiKey":true,"hasJwtSecret":true,"hasUiOrigin":true,"level":"info","message":"Environment validation passed","nodeEnv":"development","service":"server-bridge","testMode":true,"timestamp":"2026-05-06T19:00:21.058Z"}
{"component":"Server","environment":"development","instanceId":"e1056679-368d-4115-8999-5a47ed4a7010","level":"info","message":"Selina server bridge online","port":"3001","service":"server-bridge","testMode":true,"timestamp":"2026-05-06T19:00:23.601Z"}
{"component":"Logger","environment":"development","fileLogging":true,"level":"info","logLevel":"debug","message":"Detailed logging system initialized","service":"server-bridge","testMode":true,"timestamp":"2026-05-06T19:02:37.349Z"}
{"component":"Env","environment":"development","hasDatabaseUrl":true,"hasGeminiKey":true,"hasJwtSecret":true,"hasUiOrigin":true,"level":"info","message":"Environment validation passed","nodeEnv":"development","service":"server-bridge","testMode":true,"timestamp":"2026-05-06T19:02:37.985Z"}
{"component":"Server","environment":"development","instanceId":"5bfad714-6251-4f6b-a43b-d64df27c0c07","level":"info","message":"Selina server bridge online","port":"3001","service":"server-bridge","testMode":true,"timestamp":"2026-05-06T19:02:40.498Z"}
{"component":"Logger","environment":"development","fileLogging":true,"level":"info","logLevel":"debug","message":"Detailed logging system initialized","service":"server-bridge","testMode":true,"timestamp":"2026-05-06T19:02:46.717Z"}
{"component":"Env","environment":"development","hasDatabaseUrl":true,"hasGeminiKey":true,"hasJwtSecret":true,"hasUiOrigin":true,"level":"info","message":"Environment validation passed","nodeEnv":"development","service":"server-bridge","testMode":true,"timestamp":"2026-05-06T19:02:47.310Z"}
{"component":"Server","environment":"development","instanceId":"a5a1616d-784a-43ab-94d8-255dc2667996","level":"info","message":"Selina server bridge online","port":"3001","service":"server-bridge","testMode":true,"timestamp":"2026-05-06T19:02:49.934Z"}
{"component":"Logger","environment":"development","fileLogging":true,"level":"info","logLevel":"debug","message":"Detailed logging system initialized","service":"server-bridge","testMode":true,"timestamp":"2026-05-06T19:02:53.763Z"}
{"component":"Env","environment":"development","hasDatabaseUrl":true,"hasGeminiKey":true,"hasJwtSecret":true,"hasUiOrigin":true,"level":"info","message":"Environment validation passed","nodeEnv":"development","service":"server-bridge","testMode":true,"timestamp":"2026-05-06T19:02:54.410Z"}
{"component":"Logger","environment":"development","fileLogging":true,"level":"info","logLevel":"debug","message":"Detailed logging system initialized","service":"server-bridge","testMode":true,"timestamp":"2026-05-06T19:02:55.633Z"}
{"component":"Env","environment":"development","hasDatabaseUrl":true,"hasGeminiKey":true,"hasJwtSecret":true,"hasUiOrigin":true,"level":"info","message":"Environment validation passed","nodeEnv":"development","service":"server-bridge","testMode":true,"timestamp":"2026-05-06T19:02:56.185Z"}
{"component":"Server","environment":"development","instanceId":"d8a302e2-5424-4a7c-95e5-3de72907cb3c","level":"info","message":"Selina server bridge online","port":"3001","service":"server-bridge","testMode":true,"timestamp":"2026-05-06T19:02:58.702Z"}
{"component":"Logger","environment":"development","fileLogging":true,"level":"info","logLevel":"debug","message":"Detailed logging system initialized","service":"server-bridge","testMode":true,"timestamp":"2026-05-06T19:03:00.648Z"}
{"component":"Env","environment":"development","hasDatabaseUrl":true,"hasGeminiKey":true,"hasJwtSecret":true,"hasUiOrigin":true,"level":"info","message":"Environment validation passed","nodeEnv":"development","service":"server-bridge","testMode":true,"timestamp":"2026-05-06T19:03:01.241Z"}
{"component":"Logger","environment":"development","fileLogging":true,"level":"info","logLevel":"debug","message":"Detailed logging system initialized","service":"server-bridge","testMode":true,"timestamp":"2026-05-06T19:03:04.856Z"}
{"component":"Env","environment":"development","hasDatabaseUrl":true,"hasGeminiKey":true,"hasJwtSecret":true,"hasUiOrigin":true,"level":"info","message":"Environment validation passed","nodeEnv":"development","service":"server-bridge","testMode":true,"timestamp":"2026-05-06T19:03:05.409Z"}
{"component":"Server","environment":"development","instanceId":"0ef74f7e-3f61-4131-bcf8-47941179599b","level":"info","message":"Selina server bridge online","port":"3001","service":"server-bridge","testMode":true,"timestamp":"2026-05-06T19:03:07.985Z"}
{"component":"Logger","environment":"development","fileLogging":true,"level":"info","logLevel":"debug","message":"Detailed logging system initialized","service":"server-bridge","testMode":true,"timestamp":"2026-05-06T19:03:20.655Z"}
{"component":"Env","environment":"development","hasDatabaseUrl":true,"hasGeminiKey":true,"hasJwtSecret":true,"hasUiOrigin":true,"level":"info","message":"Environment validation passed","nodeEnv":"development","service":"server-bridge","testMode":true,"timestamp":"2026-05-06T19:03:21.267Z"}
{"component":"Server","environment":"development","instanceId":"0475bce1-7b06-4952-a9e8-39860059346e","level":"info","message":"Selina server bridge online","port":"3001","service":"server-bridge","testMode":true,"timestamp":"2026-05-06T19:03:23.764Z"}
{"component":"Logger","environment":"development","fileLogging":true,"level":"info","logLevel":"debug","message":"Detailed logging system initialized","service":"server-bridge","testMode":true,"timestamp":"2026-05-06T19:03:28.460Z"}
{"component":"Env","environment":"development","hasDatabaseUrl":true,"hasGeminiKey":true,"hasJwtSecret":true,"hasUiOrigin":true,"level":"info","message":"Environment validation passed","nodeEnv":"development","service":"server-bridge","testMode":true,"timestamp":"2026-05-06T19:03:29.074Z"}
{"component":"Server","environment":"development","instanceId":"8e1eb112-b627-48b3-987c-c03d331fa6de","level":"info","message":"Selina server bridge online","port":"3001","service":"server-bridge","testMode":true,"timestamp":"2026-05-06T19:03:32.145Z"}
{"component":"Logger","environment":"development","fileLogging":true,"level":"info","logLevel":"debug","message":"Detailed logging system initialized","service":"server-bridge","testMode":true,"timestamp":"2026-05-06T19:03:35.100Z"}
{"component":"Env","environment":"development","hasDatabaseUrl":true,"hasGeminiKey":true,"hasJwtSecret":true,"hasUiOrigin":true,"level":"info","message":"Environment validation passed","nodeEnv":"development","service":"server-bridge","testMode":true,"timestamp":"2026-05-06T19:03:35.667Z"}
{"component":"Server","environment":"development","instanceId":"3effd0cf-cd3b-49b7-85b3-a4b55e0915b7","level":"info","message":"Selina server bridge online","port":"3001","service":"server-bridge","testMode":true,"timestamp":"2026-05-06T19:03:37.951Z"}
{"component":"Logger","environment":"development","fileLogging":true,"level":"info","logLevel":"debug","message":"Detailed logging system initialized","service":"server-bridge","testMode":true,"timestamp":"2026-05-06T19:04:04.340Z"}
{"component":"Env","environment":"development","hasDatabaseUrl":true,"hasGeminiKey":true,"hasJwtSecret":true,"hasUiOrigin":true,"level":"info","message":"Environment validation passed","nodeEnv":"development","service":"server-bridge","testMode":true,"timestamp":"2026-05-06T19:04:04.958Z"}
{"component":"Server","environment":"development","instanceId":"c7aad626-d52b-4417-a93d-1392014e2e16","level":"info","message":"Selina server bridge online","port":"3001","service":"server-bridge","testMode":true,"timestamp":"2026-05-06T19:04:07.542Z"}
{"component":"Logger","environment":"development","fileLogging":true,"level":"info","logLevel":"debug","message":"Detailed logging system initialized","service":"server-bridge","testMode":true,"timestamp":"2026-05-06T19:08:56.142Z"}
{"component":"Env","environment":"development","hasDatabaseUrl":true,"hasGeminiKey":true,"hasJwtSecret":true,"hasUiOrigin":true,"level":"info","message":"Environment validation passed","nodeEnv":"development","service":"server-bridge","testMode":true,"timestamp":"2026-05-06T19:08:58.382Z"}
{"component":"Server","environment":"development","instanceId":"b4628fb5-7497-4ab0-ab11-c01bf2463c79","level":"info","message":"Selina server bridge online","port":"3001","service":"server-bridge","testMode":true,"timestamp":"2026-05-06T19:09:01.022Z"}
{"component":"Database","environment":"development","error":{"code":"ECONNRESET","message":"read ECONNRESET","name":"Error","stack":"Error: read ECONNRESET\n    at TLSWrap.onStreamRead (node:internal/stream_base_commons:218:20)"},"level":"error","message":"Unexpected error on idle client","service":"server-bridge","testMode":true,"timestamp":"2026-05-06T19:15:11.073Z"}
{"component":"Logger","environment":"development","fileLogging":true,"level":"info","logLevel":"debug","message":"Detailed logging system initialized","service":"server-bridge","testMode":true,"timestamp":"2026-05-06T19:22:31.213Z"}
{"component":"Env","environment":"development","hasDatabaseUrl":true,"hasGeminiKey":true,"hasJwtSecret":true,"hasUiOrigin":true,"level":"info","message":"Environment validation passed","nodeEnv":"development","service":"server-bridge","testMode":true,"timestamp":"2026-05-06T19:22:32.217Z"}
{"component":"Server","environment":"development","instanceId":"dc7c0979-5f46-41b7-b809-a032646b5b20","level":"info","message":"Selina server bridge online","port":"3001","service":"server-bridge","testMode":true,"timestamp":"2026-05-06T19:22:34.911Z"}
{"component":"Logger","environment":"development","fileLogging":true,"level":"info","logLevel":"debug","message":"Detailed logging system initialized","service":"server-bridge","testMode":true,"timestamp":"2026-05-06T19:26:57.035Z"}
{"component":"Env","environment":"development","hasDatabaseUrl":true,"hasGeminiKey":true,"hasJwtSecret":true,"hasUiOrigin":true,"level":"info","message":"Environment validation passed","nodeEnv":"development","service":"server-bridge","testMode":true,"timestamp":"2026-05-06T19:26:57.732Z"}
{"component":"Server","environment":"development","instanceId":"a1e5f8a2-2263-4a05-88c0-aa85b7e26c6b","level":"info","message":"Selina server bridge online","port":"3001","service":"server-bridge","testMode":true,"timestamp":"2026-05-06T19:27:00.363Z"}
{"component":"Logger","environment":"development","fileLogging":true,"level":"info","logLevel":"debug","message":"Detailed logging system initialized","service":"server-bridge","testMode":true,"timestamp":"2026-05-06T19:27:47.936Z"}
{"component":"Env","environment":"development","hasDatabaseUrl":true,"hasGeminiKey":true,"hasJwtSecret":true,"hasUiOrigin":true,"level":"info","message":"Environment validation passed","nodeEnv":"development","service":"server-bridge","testMode":true,"timestamp":"2026-05-06T19:27:48.530Z"}
{"component":"Server","environment":"development","instanceId":"23420564-b822-4a23-b9d0-6bfe8ca77548","level":"info","message":"Selina server bridge online","port":"3001","service":"server-bridge","testMode":true,"timestamp":"2026-05-06T19:27:51.164Z"}
{"component":"Logger","environment":"development","fileLogging":true,"level":"info","logLevel":"debug","message":"Detailed logging system initialized","service":"server-bridge","testMode":true,"timestamp":"2026-05-06T19:33:55.716Z"}
{"component":"Env","environment":"development","hasDatabaseUrl":true,"hasGeminiKey":true,"hasJwtSecret":true,"hasUiOrigin":true,"level":"info","message":"Environment validation passed","nodeEnv":"development","service":"server-bridge","testMode":true,"timestamp":"2026-05-06T19:33:56.469Z"}
{"component":"Server","environment":"development","instanceId":"95ebcc6f-02a6-48ca-98b2-6b3892192dab","level":"info","message":"Selina server bridge online","port":"3001","service":"server-bridge","testMode":true,"timestamp":"2026-05-06T19:33:59.010Z"}
{"component":"Logger","environment":"development","fileLogging":true,"level":"info","logLevel":"debug","message":"Detailed logging system initialized","service":"server-bridge","testMode":true,"timestamp":"2026-05-06T19:36:24.732Z"}
{"component":"Env","environment":"development","hasDatabaseUrl":true,"hasGeminiKey":true,"hasJwtSecret":true,"hasUiOrigin":true,"level":"info","message":"Environment validation passed","nodeEnv":"development","service":"server-bridge","testMode":true,"timestamp":"2026-05-06T19:36:26.980Z"}
{"component":"Server","environment":"development","instanceId":"e3684b2f-d938-4ac0-8703-20582e58745b","level":"info","message":"Selina server bridge online","port":"3001","service":"server-bridge","testMode":true,"timestamp":"2026-05-06T19:36:30.292Z"}
{"component":"Logger","environment":"development","fileLogging":true,"level":"info","logLevel":"debug","message":"Detailed logging system initialized","service":"server-bridge","testMode":true,"timestamp":"2026-05-06T19:38:21.627Z"}
{"component":"Env","environment":"development","hasDatabaseUrl":true,"hasGeminiKey":true,"hasJwtSecret":true,"hasUiOrigin":true,"level":"info","message":"Environment validation passed","nodeEnv":"development","service":"server-bridge","testMode":true,"timestamp":"2026-05-06T19:38:22.282Z"}
{"component":"Server","environment":"development","instanceId":"fd65e48b-1b4a-40e7-8a3b-19cdb44a042d","level":"info","message":"Selina server bridge online","port":"3001","service":"server-bridge","testMode":true,"timestamp":"2026-05-06T19:38:25.119Z"}
{"component":"Logger","environment":"development","fileLogging":true,"level":"info","logLevel":"debug","message":"Detailed logging system initialized","service":"server-bridge","testMode":true,"timestamp":"2026-05-06T19:40:05.981Z"}
{"component":"Env","environment":"development","hasDatabaseUrl":true,"hasGeminiKey":true,"hasJwtSecret":true,"hasUiOrigin":true,"level":"info","message":"Environment validation passed","nodeEnv":"development","service":"server-bridge","testMode":true,"timestamp":"2026-05-06T19:40:06.624Z"}
{"component":"Server","environment":"development","instanceId":"62bd85e0-2e70-424d-97ff-017f6c600540","level":"info","message":"Selina server bridge online","port":"3001","service":"server-bridge","testMode":true,"timestamp":"2026-05-06T19:40:09.204Z"}
{"component":"Logger","environment":"development","fileLogging":true,"level":"info","logLevel":"debug","message":"Detailed logging system initialized","service":"server-bridge","testMode":true,"timestamp":"2026-05-06T19:42:02.595Z"}
{"component":"Env","environment":"development","hasDatabaseUrl":true,"hasGeminiKey":true,"hasJwtSecret":true,"hasUiOrigin":true,"level":"info","message":"Environment validation passed","nodeEnv":"development","service":"server-bridge","testMode":true,"timestamp":"2026-05-06T19:42:03.195Z"}
{"component":"Server","environment":"development","instanceId":"96adf767-6a6d-4d0d-b757-0ba02f935e1a","level":"info","message":"Selina server bridge online","port":"3001","service":"server-bridge","testMode":true,"timestamp":"2026-05-06T19:42:05.792Z"}
{"component":"Logger","environment":"development","fileLogging":true,"level":"info","logLevel":"debug","message":"Detailed logging system initialized","service":"server-bridge","testMode":true,"timestamp":"2026-05-06T19:45:00.320Z"}
{"component":"Env","environment":"development","hasDatabaseUrl":true,"hasGeminiKey":true,"hasJwtSecret":true,"hasUiOrigin":true,"level":"info","message":"Environment validation passed","nodeEnv":"development","service":"server-bridge","testMode":true,"timestamp":"2026-05-06T19:45:01.213Z"}
{"component":"Server","environment":"development","instanceId":"68ad19c9-64d3-4bc0-9a09-ca78365545f8","level":"info","message":"Selina server bridge online","port":"3001","service":"server-bridge","testMode":true,"timestamp":"2026-05-06T19:45:03.797Z"}
{"component":"Logger","environment":"development","fileLogging":true,"level":"info","logLevel":"debug","message":"Detailed logging system initialized","service":"server-bridge","testMode":true,"timestamp":"2026-05-06T19:45:11.458Z"}
{"component":"Env","environment":"development","hasDatabaseUrl":true,"hasGeminiKey":true,"hasJwtSecret":true,"hasUiOrigin":true,"level":"info","message":"Environment validation passed","nodeEnv":"development","service":"server-bridge","testMode":true,"timestamp":"2026-05-06T19:45:12.233Z"}
{"component":"Server","environment":"development","instanceId":"dd9a5c52-acfa-4ccf-a107-b3867dfa80c4","level":"info","message":"Selina server bridge online","port":"3001","service":"server-bridge","testMode":true,"timestamp":"2026-05-06T19:45:14.853Z"}
{"component":"Logger","environment":"development","fileLogging":true,"level":"info","logLevel":"debug","message":"Detailed logging system initialized","service":"server-bridge","testMode":true,"timestamp":"2026-05-06T19:45:17.737Z"}
{"component":"Env","environment":"development","hasDatabaseUrl":true,"hasGeminiKey":true,"hasJwtSecret":true,"hasUiOrigin":true,"level":"info","message":"Environment validation passed","nodeEnv":"development","service":"server-bridge","testMode":true,"timestamp":"2026-05-06T19:45:18.461Z"}
{"component":"Server","environment":"development","instanceId":"26d19105-6ef1-44bb-bf5e-42e24f8200b6","level":"info","message":"Selina server bridge online","port":"3001","service":"server-bridge","testMode":true,"timestamp":"2026-05-06T19:45:20.745Z"}
{"component":"Logger","environment":"development","fileLogging":true,"level":"info","logLevel":"debug","message":"Detailed logging system initialized","service":"server-bridge","testMode":true,"timestamp":"2026-05-06T19:45:27.378Z"}
{"component":"Env","environment":"development","hasDatabaseUrl":true,"hasGeminiKey":true,"hasJwtSecret":true,"hasUiOrigin":true,"level":"info","message":"Environment validation passed","nodeEnv":"development","service":"server-bridge","testMode":true,"timestamp":"2026-05-06T19:45:28.145Z"}
{"component":"Server","environment":"development","instanceId":"947598e8-30c5-404c-803e-46c13399fbe8","level":"info","message":"Selina server bridge online","port":"3001","service":"server-bridge","testMode":true,"timestamp":"2026-05-06T19:45:30.768Z"}
{"component":"Logger","environment":"development","fileLogging":true,"level":"info","logLevel":"debug","message":"Detailed logging system initialized","service":"server-bridge","testMode":true,"timestamp":"2026-05-06T19:45:45.044Z"}
{"component":"Env","environment":"development","hasDatabaseUrl":true,"hasGeminiKey":true,"hasJwtSecret":true,"hasUiOrigin":true,"level":"info","message":"Environment validation passed","nodeEnv":"development","service":"server-bridge","testMode":true,"timestamp":"2026-05-06T19:45:45.815Z"}
{"component":"Server","environment":"development","instanceId":"40884a92-94ff-421c-8c20-a9822796eeb8","level":"info","message":"Selina server bridge online","port":"3001","service":"server-bridge","testMode":true,"timestamp":"2026-05-06T19:45:48.766Z"}
{"component":"Logger","environment":"development","fileLogging":true,"level":"info","logLevel":"debug","message":"Detailed logging system initialized","service":"server-bridge","testMode":true,"timestamp":"2026-05-06T19:45:59.949Z"}
{"component":"Env","environment":"development","hasDatabaseUrl":true,"hasGeminiKey":true,"hasJwtSecret":true,"hasUiOrigin":true,"level":"info","message":"Environment validation passed","nodeEnv":"development","service":"server-bridge","testMode":true,"timestamp":"2026-05-06T19:46:01.036Z"}
{"component":"Server","environment":"development","instanceId":"666390e9-1f71-40a8-a405-24a144e6c17b","level":"info","message":"Selina server bridge online","port":"3001","service":"server-bridge","testMode":true,"timestamp":"2026-05-06T19:46:03.680Z"}
{"component":"Logger","environment":"development","fileLogging":true,"level":"info","logLevel":"debug","message":"Detailed logging system initialized","service":"server-bridge","testMode":true,"timestamp":"2026-05-06T19:46:30.157Z"}
{"component":"Env","environment":"development","hasDatabaseUrl":true,"hasGeminiKey":true,"hasJwtSecret":true,"hasUiOrigin":true,"level":"info","message":"Environment validation passed","nodeEnv":"development","service":"server-bridge","testMode":true,"timestamp":"2026-05-06T19:46:31.072Z"}
{"component":"Server","environment":"development","instanceId":"86e93612-ff73-4fdf-94b1-9f6ee35f609e","level":"info","message":"Selina server bridge online","port":"3001","service":"server-bridge","testMode":true,"timestamp":"2026-05-06T19:46:33.745Z"}
{"component":"Logger","environment":"development","fileLogging":true,"level":"info","logLevel":"debug","message":"Detailed logging system initialized","service":"server-bridge","testMode":true,"timestamp":"2026-05-06T19:46:47.254Z"}
{"component":"Env","environment":"development","hasDatabaseUrl":true,"hasGeminiKey":true,"hasJwtSecret":true,"hasUiOrigin":true,"level":"info","message":"Environment validation passed","nodeEnv":"development","service":"server-bridge","testMode":true,"timestamp":"2026-05-06T19:46:48.050Z"}
{"component":"Server","environment":"development","instanceId":"cccc2476-e1e0-4428-ab16-3779849ce8ca","level":"info","message":"Selina server bridge online","port":"3001","service":"server-bridge","testMode":true,"timestamp":"2026-05-06T19:46:50.646Z"}
{"component":"Logger","environment":"development","fileLogging":true,"level":"info","logLevel":"debug","message":"Detailed logging system initialized","service":"server-bridge","testMode":true,"timestamp":"2026-05-06T19:46:55.012Z"}
{"component":"Env","environment":"development","hasDatabaseUrl":true,"hasGeminiKey":true,"hasJwtSecret":true,"hasUiOrigin":true,"level":"info","message":"Environment validation passed","nodeEnv":"development","service":"server-bridge","testMode":true,"timestamp":"2026-05-06T19:46:55.842Z"}
{"component":"Server","environment":"development","instanceId":"28c953d6-67df-48a1-9675-634db342325b","level":"info","message":"Selina server bridge online","port":"3001","service":"server-bridge","testMode":true,"timestamp":"2026-05-06T19:46:58.407Z"}
{"component":"Logger","environment":"development","fileLogging":true,"level":"info","logLevel":"debug","message":"Detailed logging system initialized","service":"server-bridge","testMode":true,"timestamp":"2026-05-06T19:47:02.157Z"}
{"component":"Env","environment":"development","hasDatabaseUrl":true,"hasGeminiKey":true,"hasJwtSecret":true,"hasUiOrigin":true,"level":"info","message":"Environment validation passed","nodeEnv":"development","service":"server-bridge","testMode":true,"timestamp":"2026-05-06T19:47:03.128Z"}
{"component":"Server","environment":"development","instanceId":"549cc7c0-4d7a-467f-a29b-ef61f8ef0ec3","level":"info","message":"Selina server bridge online","port":"3001","service":"server-bridge","testMode":true,"timestamp":"2026-05-06T19:47:05.684Z"}
{"component":"Logger","environment":"development","fileLogging":true,"level":"info","logLevel":"debug","message":"Detailed logging system initialized","service":"server-bridge","testMode":true,"timestamp":"2026-05-06T19:47:16.267Z"}
{"component":"Env","environment":"development","hasDatabaseUrl":true,"hasGeminiKey":true,"hasJwtSecret":true,"hasUiOrigin":true,"level":"info","message":"Environment validation passed","nodeEnv":"development","service":"server-bridge","testMode":true,"timestamp":"2026-05-06T19:47:17.078Z"}
{"component":"Server","environment":"development","instanceId":"3800497e-bc93-4c11-bf28-b857c21d1c85","level":"info","message":"Selina server bridge online","port":"3001","service":"server-bridge","testMode":true,"timestamp":"2026-05-06T19:47:19.569Z"}
{"component":"Logger","environment":"development","fileLogging":true,"level":"info","logLevel":"debug","message":"Detailed logging system initialized","service":"server-bridge","testMode":true,"timestamp":"2026-05-06T19:47:33.802Z"}
{"component":"Env","environment":"development","hasDatabaseUrl":true,"hasGeminiKey":true,"hasJwtSecret":true,"hasUiOrigin":true,"level":"info","message":"Environment validation passed","nodeEnv":"development","service":"server-bridge","testMode":true,"timestamp":"2026-05-06T19:47:34.537Z"}
{"component":"Server","environment":"development","instanceId":"88e831c0-cc1b-4909-92f4-fe80166ebbe1","level":"info","message":"Selina server bridge online","port":"3001","service":"server-bridge","testMode":true,"timestamp":"2026-05-06T19:47:37.023Z"}
{"component":"Logger","environment":"development","fileLogging":true,"level":"info","logLevel":"debug","message":"Detailed logging system initialized","service":"server-bridge","testMode":true,"timestamp":"2026-05-06T19:47:43.469Z"}
{"component":"Env","environment":"development","hasDatabaseUrl":true,"hasGeminiKey":true,"hasJwtSecret":true,"hasUiOrigin":true,"level":"info","message":"Environment validation passed","nodeEnv":"development","service":"server-bridge","testMode":true,"timestamp":"2026-05-06T19:47:44.230Z"}
{"component":"Server","environment":"development","instanceId":"2c31bd6b-5c74-4316-9a1e-471604af3dec","level":"info","message":"Selina server bridge online","port":"3001","service":"server-bridge","testMode":true,"timestamp":"2026-05-06T19:47:46.594Z"}
{"component":"Logger","environment":"development","fileLogging":true,"level":"info","logLevel":"debug","message":"Detailed logging system initialized","service":"server-bridge","testMode":true,"timestamp":"2026-05-06T19:47:54.869Z"}
{"component":"Env","environment":"development","hasDatabaseUrl":true,"hasGeminiKey":true,"hasJwtSecret":true,"hasUiOrigin":true,"level":"info","message":"Environment validation passed","nodeEnv":"development","service":"server-bridge","testMode":true,"timestamp":"2026-05-06T19:47:55.707Z"}
{"component":"Server","environment":"development","instanceId":"648fd8eb-1c4a-4f85-9dfc-8bfeeec435c8","level":"info","message":"Selina server bridge online","port":"3001","service":"server-bridge","testMode":true,"timestamp":"2026-05-06T19:47:58.288Z"}
{"component":"Logger","environment":"development","fileLogging":true,"level":"info","logLevel":"debug","message":"Detailed logging system initialized","service":"server-bridge","testMode":true,"timestamp":"2026-05-06T19:48:03.174Z"}
{"component":"Env","environment":"development","hasDatabaseUrl":true,"hasGeminiKey":true,"hasJwtSecret":true,"hasUiOrigin":true,"level":"info","message":"Environment validation passed","nodeEnv":"development","service":"server-bridge","testMode":true,"timestamp":"2026-05-06T19:48:04.100Z"}
{"component":"Server","environment":"development","instanceId":"e7685fbd-5971-4906-bc59-ba4d2fad7853","level":"info","message":"Selina server bridge online","port":"3001","service":"server-bridge","testMode":true,"timestamp":"2026-05-06T19:48:06.730Z"}
{"component":"Logger","environment":"development","fileLogging":true,"level":"info","logLevel":"debug","message":"Detailed logging system initialized","service":"server-bridge","testMode":true,"timestamp":"2026-05-06T19:48:30.654Z"}
{"component":"Env","environment":"development","hasDatabaseUrl":true,"hasGeminiKey":true,"hasJwtSecret":true,"hasUiOrigin":true,"level":"info","message":"Environment validation passed","nodeEnv":"development","service":"server-bridge","testMode":true,"timestamp":"2026-05-06T19:48:31.661Z"}
{"component":"Server","environment":"development","instanceId":"c127bbb8-89e5-40eb-9394-b69b9f8011e3","level":"info","message":"Selina server bridge online","port":"3001","service":"server-bridge","testMode":true,"timestamp":"2026-05-06T19:48:34.189Z"}
{"component":"Logger","environment":"development","fileLogging":true,"level":"info","logLevel":"debug","message":"Detailed logging system initialized","service":"server-bridge","testMode":true,"timestamp":"2026-05-06T19:48:48.159Z"}
{"component":"Env","environment":"development","hasDatabaseUrl":true,"hasGeminiKey":true,"hasJwtSecret":true,"hasUiOrigin":true,"level":"info","message":"Environment validation passed","nodeEnv":"development","service":"server-bridge","testMode":true,"timestamp":"2026-05-06T19:48:48.979Z"}
{"component":"Server","environment":"development","instanceId":"d085777a-e020-4177-8125-bf8238ecc789","level":"info","message":"Selina server bridge online","port":"3001","service":"server-bridge","testMode":true,"timestamp":"2026-05-06T19:48:51.586Z"}
{"component":"Logger","environment":"development","fileLogging":true,"level":"info","logLevel":"debug","message":"Detailed logging system initialized","service":"server-bridge","testMode":true,"timestamp":"2026-05-06T19:48:59.026Z"}
{"component":"Env","environment":"development","hasDatabaseUrl":true,"hasGeminiKey":true,"hasJwtSecret":true,"hasUiOrigin":true,"level":"info","message":"Environment validation passed","nodeEnv":"development","service":"server-bridge","testMode":true,"timestamp":"2026-05-06T19:48:59.822Z"}
{"component":"Server","environment":"development","instanceId":"0b8db84f-313c-4342-921b-955a1329a8af","level":"info","message":"Selina server bridge online","port":"3001","service":"server-bridge","testMode":true,"timestamp":"2026-05-06T19:49:02.321Z"}
{"component":"Logger","environment":"development","fileLogging":true,"level":"info","logLevel":"debug","message":"Detailed logging system initialized","service":"server-bridge","testMode":true,"timestamp":"2026-05-06T19:49:09.528Z"}
{"component":"Env","environment":"development","hasDatabaseUrl":true,"hasGeminiKey":true,"hasJwtSecret":true,"hasUiOrigin":true,"level":"info","message":"Environment validation passed","nodeEnv":"development","service":"server-bridge","testMode":true,"timestamp":"2026-05-06T19:49:10.404Z"}
{"component":"Server","environment":"development","instanceId":"b16a9d81-8533-4410-833a-e956aa75fb52","level":"info","message":"Selina server bridge online","port":"3001","service":"server-bridge","testMode":true,"timestamp":"2026-05-06T19:49:12.973Z"}
{"component":"Logger","environment":"development","fileLogging":true,"level":"info","logLevel":"debug","message":"Detailed logging system initialized","service":"server-bridge","testMode":true,"timestamp":"2026-05-07T03:17:39.942Z"}
{"component":"Env","environment":"development","hasDatabaseUrl":true,"hasGeminiKey":true,"hasJwtSecret":true,"hasUiOrigin":true,"level":"info","message":"Environment validation passed","nodeEnv":"development","service":"server-bridge","testMode":true,"timestamp":"2026-05-07T03:17:40.782Z"}
{"component":"Logger","environment":"development","fileLogging":true,"level":"info","logLevel":"debug","message":"Detailed logging system initialized","service":"server-bridge","testMode":true,"timestamp":"2026-05-07T03:17:43.418Z"}
{"component":"Env","environment":"development","hasDatabaseUrl":true,"hasGeminiKey":true,"hasJwtSecret":true,"hasUiOrigin":true,"level":"info","message":"Environment validation passed","nodeEnv":"development","service":"server-bridge","testMode":true,"timestamp":"2026-05-07T03:17:44.464Z"}
{"component":"Server","environment":"development","instanceId":"a3ec5ea9-34bf-4d1a-a8ea-d98add9e5053","level":"info","message":"Selina server bridge online","port":"3001","service":"server-bridge","testMode":true,"timestamp":"2026-05-07T03:17:47.822Z"}
{"component":"Logger","environment":"development","fileLogging":true,"level":"info","logLevel":"debug","message":"Detailed logging system initialized","service":"server-bridge","testMode":true,"timestamp":"2026-05-07T03:18:21.597Z"}
{"component":"Env","environment":"development","hasDatabaseUrl":true,"hasGeminiKey":true,"hasJwtSecret":true,"hasUiOrigin":true,"level":"info","message":"Environment validation passed","nodeEnv":"development","service":"server-bridge","testMode":true,"timestamp":"2026-05-07T03:18:22.207Z"}
{"component":"Server","environment":"development","instanceId":"f8c9fceb-2e80-4cbc-947c-ec79a1e4320b","level":"info","message":"Selina server bridge online","port":"3001","service":"server-bridge","testMode":true,"timestamp":"2026-05-07T03:18:24.975Z"}
{"component":"Logger","environment":"development","fileLogging":true,"level":"info","logLevel":"debug","message":"Detailed logging system initialized","service":"server-bridge","testMode":true,"timestamp":"2026-05-07T03:29:07.508Z"}
{"component":"Env","environment":"development","hasDatabaseUrl":true,"hasGeminiKey":true,"hasJwtSecret":true,"hasUiOrigin":true,"level":"info","message":"Environment validation passed","nodeEnv":"development","service":"server-bridge","testMode":true,"timestamp":"2026-05-07T03:29:09.238Z"}
{"component":"Server","environment":"development","instanceId":"d6701bd3-af02-4d8a-be68-ab254c343687","level":"info","message":"Selina server bridge online","port":"3001","service":"server-bridge","testMode":true,"timestamp":"2026-05-07T03:29:12.663Z"}
{"component":"Logger","environment":"development","fileLogging":true,"level":"info","logLevel":"debug","message":"Detailed logging system initialized","service":"server-bridge","testMode":true,"timestamp":"2026-05-07T03:49:07.215Z"}
{"component":"Env","environment":"development","hasDatabaseUrl":true,"hasGeminiKey":true,"hasJwtSecret":true,"hasUiOrigin":true,"level":"info","message":"Environment validation passed","nodeEnv":"development","service":"server-bridge","testMode":true,"timestamp":"2026-05-07T03:49:07.831Z"}
{"component":"Logger","environment":"development","fileLogging":true,"level":"info","logLevel":"debug","message":"Detailed logging system initialized","service":"server-bridge","testMode":true,"timestamp":"2026-05-07T03:49:11.349Z"}
{"component":"Env","environment":"development","hasDatabaseUrl":true,"hasGeminiKey":true,"hasJwtSecret":true,"hasUiOrigin":true,"level":"info","message":"Environment validation passed","nodeEnv":"development","service":"server-bridge","testMode":true,"timestamp":"2026-05-07T03:49:13.635Z"}
{"component":"Server","environment":"development","instanceId":"17689c70-2bcb-49c2-a22f-3ce5e866f0d9","level":"info","message":"Selina server bridge online","port":"3001","service":"server-bridge","testMode":true,"timestamp":"2026-05-07T03:49:16.816Z"}
{"component":"Logger","environment":"development","fileLogging":true,"level":"info","logLevel":"debug","message":"Detailed logging system initialized","service":"server-bridge","testMode":true,"timestamp":"2026-05-07T03:49:39.756Z"}
{"component":"Env","environment":"development","hasDatabaseUrl":true,"hasGeminiKey":true,"hasJwtSecret":true,"hasUiOrigin":true,"level":"info","message":"Environment validation passed","nodeEnv":"development","service":"server-bridge","testMode":true,"timestamp":"2026-05-07T03:49:40.351Z"}
{"component":"Server","environment":"development","instanceId":"8b1fe72f-0f62-407d-88ef-c0ac745b0517","level":"info","message":"Selina server bridge online","port":"3001","service":"server-bridge","testMode":true,"timestamp":"2026-05-07T03:49:42.874Z"}
{"component":"Logger","environment":"development","fileLogging":true,"level":"info","logLevel":"debug","message":"Detailed logging system initialized","service":"server-bridge","testMode":true,"timestamp":"2026-05-07T03:49:49.990Z"}
{"component":"Env","environment":"development","hasDatabaseUrl":true,"hasGeminiKey":true,"hasJwtSecret":true,"hasUiOrigin":true,"level":"info","message":"Environment validation passed","nodeEnv":"development","service":"server-bridge","testMode":true,"timestamp":"2026-05-07T03:49:50.565Z"}
{"component":"Server","environment":"development","instanceId":"3abb09d1-db9a-410f-a7b7-1f59735365b7","level":"info","message":"Selina server bridge online","port":"3001","service":"server-bridge","testMode":true,"timestamp":"2026-05-07T03:49:53.009Z"}
{"component":"Logger","environment":"development","fileLogging":true,"level":"info","logLevel":"debug","message":"Detailed logging system initialized","service":"server-bridge","testMode":true,"timestamp":"2026-05-07T04:04:25.333Z"}
{"component":"Env","environment":"development","hasDatabaseUrl":true,"hasGeminiKey":true,"hasJwtSecret":true,"hasUiOrigin":true,"level":"info","message":"Environment validation passed","nodeEnv":"development","service":"server-bridge","testMode":true,"timestamp":"2026-05-07T04:04:25.935Z"}
{"component":"Server","environment":"development","instanceId":"563a42fd-f13d-4935-8a2e-735af38601c6","level":"info","message":"Selina server bridge online","port":"3001","service":"server-bridge","testMode":true,"timestamp":"2026-05-07T04:04:31.779Z"}
{"component":"Logger","environment":"development","fileLogging":true,"level":"info","logLevel":"debug","message":"Detailed logging system initialized","service":"server-bridge","testMode":true,"timestamp":"2026-05-07T04:07:18.464Z"}
{"component":"Env","environment":"development","hasDatabaseUrl":true,"hasGeminiKey":true,"hasJwtSecret":true,"hasNimKey":false,"hasUiOrigin":true,"level":"info","message":"Environment validation passed","nodeEnv":"development","service":"server-bridge","testMode":true,"timestamp":"2026-05-07T04:07:19.102Z"}
{"component":"Server","environment":"development","instanceId":"5ec64281-4b9e-45a8-b7b4-0bd679724837","level":"info","message":"Selina server bridge online","port":"3001","service":"server-bridge","testMode":true,"timestamp":"2026-05-07T04:07:21.503Z"}
{"component":"Logger","environment":"development","fileLogging":true,"level":"info","logLevel":"debug","message":"Detailed logging system initialized","service":"server-bridge","testMode":true,"timestamp":"2026-05-07T04:13:45.961Z"}
{"component":"Env","environment":"development","hasDatabaseUrl":true,"hasGeminiKey":true,"hasJwtSecret":true,"hasNimKey":false,"hasUiOrigin":true,"level":"info","message":"Environment validation passed","nodeEnv":"development","service":"server-bridge","testMode":true,"timestamp":"2026-05-07T04:13:46.536Z"}
{"component":"Server","environment":"development","instanceId":"3bdbb8ce-d9d4-4092-b6e7-c1bf6fa7b2bc","level":"info","message":"Selina server bridge online","port":"3001","service":"server-bridge","testMode":true,"timestamp":"2026-05-07T04:13:49.959Z"}
{"component":"Logger","environment":"development","fileLogging":true,"level":"info","logLevel":"debug","message":"Detailed logging system initialized","service":"server-bridge","testMode":true,"timestamp":"2026-05-07T04:21:31.861Z"}
{"component":"Env","environment":"development","hasDatabaseUrl":true,"hasGeminiKey":true,"hasJwtSecret":true,"hasNimKey":false,"hasUiOrigin":true,"level":"info","message":"Environment validation passed","nodeEnv":"development","service":"server-bridge","testMode":true,"timestamp":"2026-05-07T04:21:33.230Z"}
{"component":"Logger","environment":"development","fileLogging":true,"level":"info","logLevel":"debug","message":"Detailed logging system initialized","service":"server-bridge","testMode":true,"timestamp":"2026-05-07T04:21:36.163Z"}
{"component":"Env","environment":"development","hasDatabaseUrl":true,"hasGeminiKey":true,"hasJwtSecret":true,"hasNimKey":false,"hasUiOrigin":true,"level":"info","message":"Environment validation passed","nodeEnv":"development","service":"server-bridge","testMode":true,"timestamp":"2026-05-07T04:21:36.759Z"}
{"component":"Server","environment":"development","instanceId":"21420164-d555-4c73-bf79-c9dd74a26d39","level":"info","message":"Selina server bridge online","port":"3001","service":"server-bridge","testMode":true,"timestamp":"2026-05-07T04:21:40.169Z"}
{"component":"Logger","environment":"development","fileLogging":true,"level":"info","logLevel":"debug","message":"Detailed logging system initialized","service":"server-bridge","testMode":true,"timestamp":"2026-05-07T04:29:17.749Z"}
{"component":"Env","environment":"development","hasDatabaseUrl":true,"hasGeminiKey":true,"hasJwtSecret":true,"hasNimKey":false,"hasUiOrigin":true,"level":"info","message":"Environment validation passed","nodeEnv":"development","service":"server-bridge","testMode":true,"timestamp":"2026-05-07T04:29:18.621Z"}
{"component":"Server","environment":"development","instanceId":"8c2856c6-715e-4f53-9d2c-bf12527b344e","level":"info","message":"Selina server bridge online","port":"3001","service":"server-bridge","testMode":true,"timestamp":"2026-05-07T04:29:22.569Z"}
{"component":"Logger","environment":"development","fileLogging":true,"level":"info","logLevel":"debug","message":"Detailed logging system initialized","service":"server-bridge","testMode":true,"timestamp":"2026-05-07T04:36:29.757Z"}
{"component":"Env","environment":"development","hasDatabaseUrl":true,"hasGeminiKey":true,"hasJwtSecret":true,"hasNimKey":false,"hasUiOrigin":true,"level":"info","message":"Environment validation passed","nodeEnv":"development","service":"server-bridge","testMode":true,"timestamp":"2026-05-07T04:36:30.811Z"}
{"component":"Server","environment":"development","instanceId":"053da853-f5c9-4238-8c14-c45ef3e5980f","level":"info","message":"Selina server bridge online","port":"3001","service":"server-bridge","testMode":true,"timestamp":"2026-05-07T04:36:35.104Z"}
{"component":"Logger","environment":"development","fileLogging":true,"level":"info","logLevel":"debug","message":"Detailed logging system initialized","service":"server-bridge","testMode":true,"timestamp":"2026-05-07T04:36:39.088Z"}
{"component":"Env","environment":"development","hasDatabaseUrl":true,"hasGeminiKey":true,"hasJwtSecret":true,"hasNimKey":false,"hasUiOrigin":true,"level":"info","message":"Environment validation passed","nodeEnv":"development","service":"server-bridge","testMode":true,"timestamp":"2026-05-07T04:36:40.007Z"}
{"component":"Server","environment":"development","instanceId":"ed30e46a-3e56-4976-868f-34415a5cb5c2","level":"info","message":"Selina server bridge online","port":"3001","service":"server-bridge","testMode":true,"timestamp":"2026-05-07T04:36:42.782Z"}
{"component":"Logger","environment":"development","fileLogging":true,"level":"info","logLevel":"debug","message":"Detailed logging system initialized","service":"server-bridge","testMode":true,"timestamp":"2026-05-07T04:37:11.022Z"}
{"component":"Env","environment":"development","hasDatabaseUrl":true,"hasGeminiKey":true,"hasJwtSecret":true,"hasNimKey":false,"hasUiOrigin":true,"level":"info","message":"Environment validation passed","nodeEnv":"development","service":"server-bridge","testMode":true,"timestamp":"2026-05-07T04:37:12.010Z"}
{"component":"Server","environment":"development","instanceId":"5badfbb8-e6cc-4c60-bf14-247bc9b84332","level":"info","message":"Selina server bridge online","port":"3001","service":"server-bridge","testMode":true,"timestamp":"2026-05-07T04:37:14.505Z"}
{"component":"Logger","environment":"development","fileLogging":true,"level":"info","logLevel":"debug","message":"Detailed logging system initialized","service":"server-bridge","testMode":true,"timestamp":"2026-05-07T04:39:17.337Z"}
{"component":"Env","environment":"development","hasDatabaseUrl":true,"hasGeminiKey":true,"hasJwtSecret":true,"hasNimKey":false,"hasUiOrigin":true,"level":"info","message":"Environment validation passed","nodeEnv":"development","service":"server-bridge","testMode":true,"timestamp":"2026-05-07T04:39:18.309Z"}
{"component":"Server","environment":"development","instanceId":"875760b7-890a-4b63-af69-5f982de30d4c","level":"info","message":"Selina server bridge online","port":"3001","service":"server-bridge","testMode":true,"timestamp":"2026-05-07T04:39:21.168Z"}
{"component":"Logger","environment":"development","fileLogging":true,"level":"info","logLevel":"debug","message":"Detailed logging system initialized","service":"server-bridge","testMode":true,"timestamp":"2026-05-07T04:44:15.666Z"}
{"component":"Env","environment":"development","hasDatabaseUrl":true,"hasGeminiKey":true,"hasJwtSecret":true,"hasNimKey":false,"hasUiOrigin":true,"level":"info","message":"Environment validation passed","nodeEnv":"development","service":"server-bridge","testMode":true,"timestamp":"2026-05-07T04:44:16.804Z"}
{"component":"Server","environment":"development","instanceId":"f900bcc8-0a3a-46be-afc5-9fd1f2e88eb4","level":"info","message":"Selina server bridge online","port":"3001","service":"server-bridge","testMode":true,"timestamp":"2026-05-07T04:44:19.498Z"}
{"component":"Logger","environment":"development","fileLogging":true,"level":"info","logLevel":"debug","message":"Detailed logging system initialized","service":"server-bridge","testMode":true,"timestamp":"2026-05-07T04:44:31.506Z"}
{"component":"Env","environment":"development","hasDatabaseUrl":true,"hasGeminiKey":true,"hasJwtSecret":true,"hasNimKey":false,"hasUiOrigin":true,"level":"info","message":"Environment validation passed","nodeEnv":"development","service":"server-bridge","testMode":true,"timestamp":"2026-05-07T04:44:32.547Z"}
{"component":"Server","environment":"development","instanceId":"a597a007-b879-471f-b9ae-e2061812c38d","level":"info","message":"Selina server bridge online","port":"3001","service":"server-bridge","testMode":true,"timestamp":"2026-05-07T04:44:35.439Z"}
{"component":"Logger","environment":"development","fileLogging":true,"level":"info","logLevel":"debug","message":"Detailed logging system initialized","service":"server-bridge","testMode":true,"timestamp":"2026-05-07T04:59:05.702Z"}
{"component":"Env","environment":"development","hasDatabaseUrl":true,"hasGeminiKey":true,"hasJwtSecret":true,"hasNimKey":false,"hasUiOrigin":true,"level":"info","message":"Environment validation passed","nodeEnv":"development","service":"server-bridge","testMode":true,"timestamp":"2026-05-07T04:59:06.785Z"}
{"component":"Logger","environment":"development","fileLogging":true,"level":"info","logLevel":"debug","message":"Detailed logging system initialized","service":"server-bridge","testMode":true,"timestamp":"2026-05-07T04:59:08.055Z"}
{"component":"Env","environment":"development","hasDatabaseUrl":true,"hasGeminiKey":true,"hasJwtSecret":true,"hasNimKey":false,"hasUiOrigin":true,"level":"info","message":"Environment validation passed","nodeEnv":"development","service":"server-bridge","testMode":true,"timestamp":"2026-05-07T04:59:08.657Z"}
{"component":"Server","environment":"development","instanceId":"c84c0188-6378-4d3a-800e-2af684f74bbc","level":"info","message":"Selina server bridge online","port":"3001","service":"server-bridge","testMode":true,"timestamp":"2026-05-07T04:59:11.219Z"}
{"component":"Logger","environment":"development","fileLogging":true,"level":"info","logLevel":"debug","message":"Detailed logging system initialized","service":"server-bridge","testMode":true,"timestamp":"2026-05-17T08:21:39.605Z"}
{"component":"GitHubAuth","environment":"development","level":"warn","message":"GitHub mock auth enabled; issuing local test session","returnOrigin":"http://localhost:5173","service":"server-bridge","testMode":true,"timestamp":"2026-05-17T08:21:39.659Z"}
{"component":"GitHubAuth","environment":"development","level":"info","message":"Completed mock GitHub sign-in","returnOrigin":"http://localhost:5173","service":"server-bridge","testMode":true,"timestamp":"2026-05-17T08:21:39.661Z","userId":"user-123"}
{"component":"Logger","environment":"development","fileLogging":true,"level":"info","logLevel":"debug","message":"Detailed logging system initialized","service":"server-bridge","testMode":true,"timestamp":"2026-07-03T06:14:32.815Z"}
{"component":"VFS","environment":"development","level":"info","maxFiles":1000,"message":"VFS initialized","root":"D:\\Vibe Hub\\apps\\server-bridge","service":"server-bridge","testMode":true,"timestamp":"2026-07-03T06:14:33.022Z"}
{"component":"Env","environment":"development","hasActionGrantSecret":false,"hasCsrfSecret":false,"hasDatabaseUrl":true,"hasFreeLLMAPIKey":false,"hasGeminiKey":false,"hasJwtSecret":false,"hasNimKey":false,"hasUiOrigin":true,"hasVibeMasterKey":false,"level":"info","message":"Environment validation passed","nodeEnv":"development","service":"server-bridge","testMode":true,"timestamp":"2026-07-03T06:14:34.706Z"}
{"component":"Server","environment":"development","instanceId":"b062d43f-957b-496c-8634-edd3f2e8d67a","level":"info","message":"Selina server bridge online","port":"3001","service":"server-bridge","testMode":true,"timestamp":"2026-07-03T06:14:59.828Z"}
{"component":"Logger","environment":"development","fileLogging":true,"level":"info","logLevel":"debug","message":"Detailed logging system initialized","service":"server-bridge","testMode":true,"timestamp":"2026-07-03T06:23:16.058Z"}
{"component":"VFS","environment":"development","level":"info","maxFiles":1000,"message":"VFS initialized","root":"D:\\Vibe Hub\\apps\\server-bridge","service":"server-bridge","testMode":true,"timestamp":"2026-07-03T06:23:16.173Z"}
{"component":"Env","environment":"development","hasActionGrantSecret":false,"hasCsrfSecret":false,"hasDatabaseUrl":true,"hasFreeLLMAPIKey":false,"hasGeminiKey":false,"hasJwtSecret":false,"hasNimKey":false,"hasUiOrigin":true,"hasVibeMasterKey":false,"level":"info","message":"Environment validation passed","nodeEnv":"development","service":"server-bridge","testMode":true,"timestamp":"2026-07-03T06:23:16.825Z"}
{"component":"Server","environment":"development","instanceId":"91a9bd5e-9030-4a56-b133-04b432d3bd6a","level":"info","message":"Selina server bridge online","port":"3001","service":"server-bridge","testMode":true,"timestamp":"2026-07-03T06:23:41.913Z"}
{"component":"HTTP","contentLength":"61","duration":"29ms","environment":"development","level":"warn","message":"Request completed","requestId":"d5e15aa8-3714-4064-ad34-cf74df381795","responseBody":"{\"error\":\"Refresh token required.\",\"code\":\"REFRESH_REQUIRED\"}","service":"server-bridge","spanId":"b3c76221d5c30065","statusCode":401,"statusMessage":"Unauthorized","step":"http_request","testMode":true,"timestamp":"2026-07-03T06:23:46.817Z","traceId":"4ef6ca24ac7190507e4c9d3399d04b6b"}
{"component":"HTTP","contentLength":"59","duration":"4ms","environment":"development","level":"warn","message":"Request completed","requestId":"28055a0e-c3b2-40ce-a5fb-c0c9b49b393f","responseBody":"{\"error\":\"Authentication required.\",\"code\":\"AUTH_REQUIRED\"}","service":"server-bridge","spanId":"4cf26153ccf3564c","statusCode":401,"statusMessage":"Unauthorized","step":"http_request","testMode":true,"timestamp":"2026-07-03T06:23:48.242Z","traceId":"c1ec07d613684afaf92912a86f848cf6"}
{"component":"HTTP","contentLength":"59","duration":"3ms","environment":"development","level":"warn","message":"Request completed","requestId":"cdf8ad91-ea05-416c-b5aa-93d080d28222","responseBody":"{\"error\":\"Authentication required.\",\"code\":\"AUTH_REQUIRED\"}","service":"server-bridge","spanId":"5a3ae2fd85cf8030","statusCode":401,"statusMessage":"Unauthorized","step":"http_request","testMode":true,"timestamp":"2026-07-03T06:23:48.249Z","traceId":"8c81ecf2da24d9ce2547798bc7ba246c"}
{"component":"HTTP","contentLength":"59","duration":"5ms","environment":"development","level":"warn","message":"Request completed","requestId":"d1ab62fc-7296-454b-b976-8cc6bbbb6922","responseBody":"{\"error\":\"Authentication required.\",\"code\":\"AUTH_REQUIRED\"}","service":"server-bridge","spanId":"1306f68878d2e262","statusCode":401,"statusMessage":"Unauthorized","step":"http_request","testMode":true,"timestamp":"2026-07-03T06:23:48.260Z","traceId":"e03662047806edfefabcfe13eb7da74e"}
{"component":"HTTP","contentLength":"59","duration":"3ms","environment":"development","level":"warn","message":"Request completed","requestId":"d7d933f2-b73e-4281-a054-4fff888bfb8b","responseBody":"{\"error\":\"Authentication required.\",\"code\":\"AUTH_REQUIRED\"}","service":"server-bridge","spanId":"c5e57fbbdda58119","statusCode":401,"statusMessage":"Unauthorized","step":"http_request","testMode":true,"timestamp":"2026-07-03T06:23:48.270Z","traceId":"b7b94897ccbecaee9bad1b63eaa5867e"}
{"component":"HTTP","contentLength":"61","duration":"4ms","environment":"development","level":"warn","message":"Request completed","requestId":"4204424a-9b2a-4419-8744-9cfc69e3796d","responseBody":"{\"error\":\"Refresh token required.\",\"code\":\"REFRESH_REQUIRED\"}","service":"server-bridge","spanId":"decc27dacba3afea","statusCode":401,"statusMessage":"Unauthorized","step":"http_request","testMode":true,"timestamp":"2026-07-03T06:23:48.281Z","traceId":"cf95910fe55c6842d7e8248a865a2537"}
{"component":"HTTP","contentLength":"61","duration":"2ms","environment":"development","level":"warn","message":"Request completed","requestId":"eb8d748b-c72c-4cb5-946e-fcfc336efae8","responseBody":"{\"error\":\"Refresh token required.\",\"code\":\"REFRESH_REQUIRED\"}","service":"server-bridge","spanId":"9fcf3d9b8e95c368","statusCode":401,"statusMessage":"Unauthorized","step":"http_request","testMode":true,"timestamp":"2026-07-03T06:24:00.262Z","traceId":"da22afa5a726c909ade65a136eeb81e8"}
{"component":"HTTP","contentLength":"61","duration":"2ms","environment":"development","level":"warn","message":"Request completed","requestId":"2448b84e-6e40-40b9-8fa1-5acbd2feef98","responseBody":"{\"error\":\"Refresh token required.\",\"code\":\"REFRESH_REQUIRED\"}","service":"server-bridge","spanId":"75291a5dbf3ef38e","statusCode":401,"statusMessage":"Unauthorized","step":"http_request","testMode":true,"timestamp":"2026-07-03T06:24:01.733Z","traceId":"6cbc45fa2b72c8fe53b29c542bda5c8e"}
{"component":"HTTP","contentLength":"59","duration":"2ms","environment":"development","level":"warn","message":"Request completed","requestId":"0ac724a5-b145-4bb1-a0eb-410ae15c9d29","responseBody":"{\"error\":\"Authentication required.\",\"code\":\"AUTH_REQUIRED\"}","service":"server-bridge","spanId":"619d2d7643476431","statusCode":401,"statusMessage":"Unauthorized","step":"http_request","testMode":true,"timestamp":"2026-07-03T06:26:19.023Z","traceId":"a0f872a84c6e4c0c1468cc28ec43e091"}
{"component":"HTTP","contentLength":"59","duration":"2ms","environment":"development","level":"warn","message":"Request completed","requestId":"63a9e07e-9e61-4d95-813e-b3ee7a3f449b","responseBody":"{\"error\":\"Authentication required.\",\"code\":\"AUTH_REQUIRED\"}","service":"server-bridge","spanId":"115acb8e21aa2279","statusCode":401,"statusMessage":"Unauthorized","step":"http_request","testMode":true,"timestamp":"2026-07-03T06:26:19.028Z","traceId":"ee291e72a1f01382feda99c51e632fe6"}
{"component":"HTTP","contentLength":"59","duration":"1ms","environment":"development","level":"warn","message":"Request completed","requestId":"dac491a1-488e-42fe-a66e-c734f1e45312","responseBody":"{\"error\":\"Authentication required.\",\"code\":\"AUTH_REQUIRED\"}","service":"server-bridge","spanId":"cda4989ec62f1bfa","statusCode":401,"statusMessage":"Unauthorized","step":"http_request","testMode":true,"timestamp":"2026-07-03T06:26:19.038Z","traceId":"d63944fb2a65e8ff12376c0d41f7389c"}
{"component":"HTTP","contentLength":"59","duration":"2ms","environment":"development","level":"warn","message":"Request completed","requestId":"4cdfca02-6bb9-450b-8c03-e77fb5caefe7","responseBody":"{\"error\":\"Authentication required.\",\"code\":\"AUTH_REQUIRED\"}","service":"server-bridge","spanId":"5fe297f09b0ebd8c","statusCode":401,"statusMessage":"Unauthorized","step":"http_request","testMode":true,"timestamp":"2026-07-03T06:26:19.042Z","traceId":"e8c0ccb353ff88ebcf973022932a4019"}
{"component":"HTTP","contentLength":"61","duration":"2ms","environment":"development","level":"warn","message":"Request completed","requestId":"5c464b4b-5f56-4f9c-bda7-a00bf989535b","responseBody":"{\"error\":\"Refresh token required.\",\"code\":\"REFRESH_REQUIRED\"}","service":"server-bridge","spanId":"591a215c75ea241f","statusCode":401,"statusMessage":"Unauthorized","step":"http_request","testMode":true,"timestamp":"2026-07-03T06:26:19.059Z","traceId":"06cff307cc913d37603565b7895538fa"}
{"component":"HTTP","contentLength":"59","duration":"2ms","environment":"development","level":"warn","message":"Request completed","requestId":"79ad0b20-0d24-4ffb-ab33-438ff556b273","responseBody":"{\"error\":\"Authentication required.\",\"code\":\"AUTH_REQUIRED\"}","service":"server-bridge","spanId":"63ba407d5de45738","statusCode":401,"statusMessage":"Unauthorized","step":"http_request","testMode":true,"timestamp":"2026-07-03T06:27:19.749Z","traceId":"a3806cd49b6ad7a85dfdb9357d78ce28"}
{"component":"HTTP","contentLength":"59","duration":"2ms","environment":"development","level":"warn","message":"Request completed","requestId":"41644380-0db7-4c3c-9cdd-86c3333461bb","responseBody":"{\"error\":\"Authentication required.\",\"code\":\"AUTH_REQUIRED\"}","service":"server-bridge","spanId":"28227eb14bd971fc","statusCode":401,"statusMessage":"Unauthorized","step":"http_request","testMode":true,"timestamp":"2026-07-03T06:27:19.756Z","traceId":"4429a665f75bdf11725eb24afe0f2e7e"}
{"component":"HTTP","contentLength":"61","duration":"3ms","environment":"development","level":"warn","message":"Request completed","requestId":"043f2b53-08b6-4416-9417-7e3286dee87c","responseBody":"{\"error\":\"Refresh token required.\",\"code\":\"REFRESH_REQUIRED\"}","service":"server-bridge","spanId":"a6aa35b2ec766db0","statusCode":401,"statusMessage":"Unauthorized","step":"http_request","testMode":true,"timestamp":"2026-07-03T06:27:19.887Z","traceId":"f0f97f1bae35d53af631361bf0d16c31"}
{"component":"HTTP","contentLength":"59","duration":"4ms","environment":"development","level":"warn","message":"Request completed","requestId":"7e960315-405c-4e48-b8d9-dc93c744ac1d","responseBody":"{\"error\":\"Authentication required.\",\"code\":\"AUTH_REQUIRED\"}","service":"server-bridge","spanId":"8c31cc409c0b4e9d","statusCode":401,"statusMessage":"Unauthorized","step":"http_request","testMode":true,"timestamp":"2026-07-03T06:28:19.750Z","traceId":"7c9112174b4a4a75ca37439af2ec7aaf"}
{"component":"HTTP","contentLength":"59","duration":"1ms","environment":"development","level":"warn","message":"Request completed","requestId":"5d4c746f-49d6-46fa-ad5c-e9343c69d250","responseBody":"{\"error\":\"Authentication required.\",\"code\":\"AUTH_REQUIRED\"}","service":"server-bridge","spanId":"69c7b6a823f33716","statusCode":401,"statusMessage":"Unauthorized","step":"http_request","testMode":true,"timestamp":"2026-07-03T06:28:19.854Z","traceId":"4fd4eba9c3d614a5bc35a819c8edaacb"}
{"component":"HTTP","contentLength":"61","duration":"2ms","environment":"development","level":"warn","message":"Request completed","requestId":"d454a27f-dfb7-402c-9b3f-f00b72ddc6cc","responseBody":"{\"error\":\"Refresh token required.\",\"code\":\"REFRESH_REQUIRED\"}","service":"server-bridge","spanId":"fa587514fb8b083e","statusCode":401,"statusMessage":"Unauthorized","step":"http_request","testMode":true,"timestamp":"2026-07-03T06:28:19.869Z","traceId":"6a16104b790d42aa9722211bae84b3be"}
{"component":"HTTP","contentLength":"59","duration":"3ms","environment":"development","level":"warn","message":"Request completed","requestId":"00773255-7e0d-4e72-81a9-fc89b87db276","responseBody":"{\"error\":\"Authentication required.\",\"code\":\"AUTH_REQUIRED\"}","service":"server-bridge","spanId":"93b31c909f2576fc","statusCode":401,"statusMessage":"Unauthorized","step":"http_request","testMode":true,"timestamp":"2026-07-03T06:29:19.770Z","traceId":"60c0eefad74f72618d88de1d6556a84e"}
{"component":"HTTP","contentLength":"59","duration":"2ms","environment":"development","level":"warn","message":"Request completed","requestId":"5e202184-5a58-4e19-aef0-fa51bf8cc24c","responseBody":"{\"error\":\"Authentication required.\",\"code\":\"AUTH_REQUIRED\"}","service":"server-bridge","spanId":"8701e11213469993","statusCode":401,"statusMessage":"Unauthorized","step":"http_request","testMode":true,"timestamp":"2026-07-03T06:29:19.776Z","traceId":"e6b53d699708c25db97d1cfa6c174689"}
{"component":"HTTP","contentLength":"61","duration":"3ms","environment":"development","level":"warn","message":"Request completed","requestId":"5a3d3a43-17fb-4f9f-b90d-b742d880a294","responseBody":"{\"error\":\"Refresh token required.\",\"code\":\"REFRESH_REQUIRED\"}","service":"server-bridge","spanId":"b5563c0e878efbe3","statusCode":401,"statusMessage":"Unauthorized","step":"http_request","testMode":true,"timestamp":"2026-07-03T06:29:19.791Z","traceId":"42937457dca2ddeac607551bbce2d979"}
{"component":"HTTP","contentLength":"59","duration":"2ms","environment":"development","level":"warn","message":"Request completed","requestId":"07b89c62-59cc-410e-bdff-12daafcd0992","responseBody":"{\"error\":\"Authentication required.\",\"code\":\"AUTH_REQUIRED\"}","service":"server-bridge","spanId":"c8f66c7bb048f829","statusCode":401,"statusMessage":"Unauthorized","step":"http_request","testMode":true,"timestamp":"2026-07-03T06:30:19.746Z","traceId":"d155b2bcd10e4d3e61c22d722cb3f4a4"}
{"component":"HTTP","contentLength":"59","duration":"2ms","environment":"development","level":"warn","message":"Request completed","requestId":"ea7d092d-8c61-43b5-a4b6-a9379de5dfde","responseBody":"{\"error\":\"Authentication required.\",\"code\":\"AUTH_REQUIRED\"}","service":"server-bridge","spanId":"e259dd523d8338cc","statusCode":401,"statusMessage":"Unauthorized","step":"http_request","testMode":true,"timestamp":"2026-07-03T06:30:19.763Z","traceId":"bbfa63f34ec5d6777105121f41f74bc4"}
{"component":"HTTP","contentLength":"61","duration":"4ms","environment":"development","level":"warn","message":"Request completed","requestId":"62f85875-a011-49d9-b009-b9005256b5c1","responseBody":"{\"error\":\"Refresh token required.\",\"code\":\"REFRESH_REQUIRED\"}","service":"server-bridge","spanId":"6476381a752853a9","statusCode":401,"statusMessage":"Unauthorized","step":"http_request","testMode":true,"timestamp":"2026-07-03T06:30:19.780Z","traceId":"43747416004b7c8948ebb568764aa8f6"}
{"component":"HTTP","contentLength":"59","duration":"3ms","environment":"development","level":"warn","message":"Request completed","requestId":"277a3712-ae55-4683-9325-1e6dc08b2d6d","responseBody":"{\"error\":\"Authentication required.\",\"code\":\"AUTH_REQUIRED\"}","service":"server-bridge","spanId":"c11fdd6bea70c5ac","statusCode":401,"statusMessage":"Unauthorized","step":"http_request","testMode":true,"timestamp":"2026-07-03T06:31:19.752Z","traceId":"20f0cea4093b8307c644b362b36dec96"}
{"component":"HTTP","contentLength":"59","duration":"2ms","environment":"development","level":"warn","message":"Request completed","requestId":"2bfaad95-b607-4e6b-a5c2-6bf4785aad15","responseBody":"{\"error\":\"Authentication required.\",\"code\":\"AUTH_REQUIRED\"}","service":"server-bridge","spanId":"1e04003dc5ecafd2","statusCode":401,"statusMessage":"Unauthorized","step":"http_request","testMode":true,"timestamp":"2026-07-03T06:31:19.774Z","traceId":"334e73cdd1691bd9841849cb91a5d8d4"}
{"component":"HTTP","contentLength":"61","duration":"2ms","environment":"development","level":"warn","message":"Request completed","requestId":"2f42f817-c20f-40e6-aee1-273d74e19690","responseBody":"{\"error\":\"Refresh token required.\",\"code\":\"REFRESH_REQUIRED\"}","service":"server-bridge","spanId":"3c2a4e125abe8706","statusCode":401,"statusMessage":"Unauthorized","step":"http_request","testMode":true,"timestamp":"2026-07-03T06:31:19.805Z","traceId":"7edb0b989f742e58e70ce57557b78f5a"}
{"component":"HTTP","contentLength":"59","duration":"2ms","environment":"development","level":"warn","message":"Request completed","requestId":"f6a10236-abdd-4daa-aa90-76f5344d5ba5","responseBody":"{\"error\":\"Authentication required.\",\"code\":\"AUTH_REQUIRED\"}","service":"server-bridge","spanId":"b2f4a7b74d9f6a90","statusCode":401,"statusMessage":"Unauthorized","step":"http_request","testMode":true,"timestamp":"2026-07-03T06:32:19.757Z","traceId":"ac3fd573ecbcf0e9bda7c32df1f87a4e"}
{"component":"HTTP","contentLength":"59","duration":"1ms","environment":"development","level":"warn","message":"Request completed","requestId":"cf22a0b2-4039-4026-b8c7-db396ea1b657","responseBody":"{\"error\":\"Authentication required.\",\"code\":\"AUTH_REQUIRED\"}","service":"server-bridge","spanId":"1a3e7ce87d07e17a","statusCode":401,"statusMessage":"Unauthorized","step":"http_request","testMode":true,"timestamp":"2026-07-03T06:32:19.769Z","traceId":"4121d91ec1b311d495cfd39e9d526f41"}
{"component":"HTTP","contentLength":"61","duration":"2ms","environment":"development","level":"warn","message":"Request completed","requestId":"f66c8100-f8bd-46ec-b9b2-891b99b7a65d","responseBody":"{\"error\":\"Refresh token required.\",\"code\":\"REFRESH_REQUIRED\"}","service":"server-bridge","spanId":"d8f00b7f5ae66e52","statusCode":401,"statusMessage":"Unauthorized","step":"http_request","testMode":true,"timestamp":"2026-07-03T06:32:19.784Z","traceId":"436e44dab588cf431d50917ddbce5335"}
